cell_id,ndvi_mean
-28.0000_-56.0000,0.6870001172332943
-28.0000_-56.2500,0.759494021101993
-28.0000_-56.5000,0.6682698710433764
-28.0000_-56.7500,0.648858264947245
-28.0000_-57.0000,0.6668780773739742
-28.0000_-57.2500,0.6620935521688159
-28.0000_-57.5000,0.7312397420867527
-28.0000_-57.7500,0.6445886283704573
-28.0000_-58.0000,0.7095070339976554
-28.0000_-58.2500,0.6969702227432591
-28.0000_-58.5000,0.6516558030480656
-28.0000_-58.7500,0.6546615474794841
-28.0000_-59.0000,0.7064781946072685
-28.0000_-59.2500,0.565727080890973
-28.0000_-59.5000,0.6726058616647128
-28.0000_-59.7500,0.5829485345838218
-28.0000_-60.0000,0.5463684642438452
-28.0000_-60.2500,0.5286697538100821
-28.0000_-60.5000,0.6631240328253224
-28.0000_-60.7500,0.453541735052755
-28.0000_-61.0000,0.48364067995310667
-28.0000_-61.2500,0.5724164126611958
-28.0000_-61.5000,0.45488007033997657
-28.0000_-61.7500,0.6183840562719813
-28.0000_-62.0000,0.4525035169988277
-28.0000_-62.2500,0.5700219226260258
-28.0000_-62.5000,0.5103759671746776
-28.0000_-62.7500,0.5162507620164126
-28.0000_-63.0000,0.5500161781946074
-28.0000_-63.2500,0.5279842907385698
-28.0000_-63.5000,0.548538100820633
-28.0000_-63.7500,0.5020189917936694
-28.0000_-64.0000,0.5094723329425557
-28.0000_-64.2500,0.4958651817116061
-28.0000_-64.5000,0.5481773739742087
-28.0000_-64.7500,0.4976032825322392
-28.0000_-65.0000,0.4913124267291911
-28.0000_-65.2500,0.4986222743259086
-28.0000_-65.5000,0.5133698710433764
-28.0000_-65.7500,0.5593689331770223
-28.0000_-66.0000,0.5237500586166471
-28.0000_-66.2500,0.2097303634232122
-28.0000_-66.5000,0.11060433763188746
-28.0000_-66.7500,0.1046113716295428
-28.0000_-67.0000,0.1321852286049238
-28.0000_-67.2500,0.3427644783118406
-28.0000_-67.5000,0.1783970691676436
-28.0000_-67.7500,0.12286342321219226
-28.0000_-68.0000,0.10416764361078547
-28.2500_-56.0000,0.6991003516998828
-28.2500_-56.2500,0.6304715123094958
-28.2500_-56.5000,0.6823119577960141
-28.2500_-56.7500,0.6811198124267293
-28.2500_-57.0000,0.6310702227432591
-28.2500_-57.2500,0.6055785463071512
-28.2500_-57.5000,0.6718167643610786
-28.2500_-57.7500,0.6680600234466589
-28.2500_-58.0000,0.6964406799531067
-28.2500_-58.2500,0.6663342321219227
-28.2500_-58.5000,0.6487057444314185
-28.2500_-58.7500,0.615529777256741
-28.2500_-59.0000,0.647871981242673
-28.2500_-59.2500,0.5929750293083236
-28.2500_-59.5000,0.6133917936694021
-28.2500_-59.7500,0.6291811254396249
-28.2500_-60.0000,0.5325097303634232
-28.2500_-60.2500,0.5171126611957796
-28.2500_-60.5000,0.5151474794841735
-28.2500_-60.7500,0.4978867526377491
-28.2500_-61.0000,0.4865514654161782
-28.2500_-61.2500,0.4679449003516999
-28.2500_-61.5000,0.48818323563892146
-28.2500_-61.7500,0.48575744431418527
-28.2500_-62.0000,0.5455323563892146
-28.2500_-62.2500,0.48469378663540447
-28.2500_-62.5000,0.5073125439624854
-28.2500_-62.7500,0.5238694021101994
-28.2500_-63.0000,0.5838832356389215
-28.2500_-63.2500,0.5287144196951934
-28.2500_-63.5000,0.582500937866354
-28.2500_-63.7500,0.5087411488862837
-28.2500_-64.0000,0.47525638921453695
-28.2500_-64.2500,0.5290913247362251
-28.2500_-64.5000,0.5374104337631888
-28.2500_-64.7500,0.542614654161782
-28.2500_-65.0000,0.5053487690504103
-28.2500_-65.2500,0.6669495896834702
-28.2500_-65.5000,0.753510550996483
-28.2500_-65.7500,0.5427083235638922
-28.2500_-66.0000,0.4320097303634232
-28.2500_-66.2500,0.2260379835873388
-28.2500_-66.5000,0.13249542790152402
-28.2500_-66.7500,0.1302516998827667
-28.2500_-67.0000,0.17646787807737396
-28.2500_-67.2500,0.17431840562719814
-28.2500_-67.5000,0.1747569753810082
-28.2500_-67.7500,0.2811787807737397
-28.2500_-68.0000,0.18012497069167643
-28.5000_-56.2500,0.6567792497069168
-28.5000_-56.5000,0.6636520515826494
-28.5000_-56.7500,0.6337009378663541
-28.5000_-57.0000,0.6045121922626026
-28.5000_-57.2500,0.6846388042203986
-28.5000_-57.5000,0.6126274325908557
-28.5000_-57.7500,0.6679444314185229
-28.5000_-58.0000,0.6136189917936694
-28.5000_-58.2500,0.6579750293083235
-28.5000_-58.5000,0.6403430246189918
-28.5000_-58.7500,0.6665334114888628
-28.5000_-59.0000,0.4083567409144197
-28.5000_-59.2500,0.6290366940211021
-28.5000_-59.5000,0.5748698710433764
-28.5000_-59.7500,0.6269046893317701
-28.5000_-60.0000,0.6295307151230949
-28.5000_-60.2500,0.49794314185228605
-28.5000_-60.5000,0.5351423212192262
-28.5000_-60.7500,0.500273388042204
-28.5000_-61.0000,0.4833253223915592
-28.5000_-61.2500,0.5049752637749121
-28.5000_-61.5000,0.5283454865181711
-28.5000_-61.7500,0.43580281359906214
-28.5000_-62.0000,0.46238393903868696
-28.5000_-62.2500,0.4238132473622509
-28.5000_-62.5000,0.5020942555685814
-28.5000_-62.7500,0.5120565064478312
-28.5000_-63.0000,0.541736694021102
-28.5000_-63.2500,0.5240595545134819
-28.5000_-63.5000,0.4207552168815944
-28.5000_-63.7500,0.4525423212192263
-28.5000_-64.0000,0.4616669402110199
-28.5000_-64.2500,0.3563397420867527
-28.5000_-64.5000,0.5250819460726847
-28.5000_-64.7500,0.5310221570926144
-28.5000_-65.0000,0.5329193434935522
-28.5000_-65.2500,0.6400654161781947
-28.5000_-65.5000,0.5941528722157093
-28.5000_-65.7500,0.49627151230949595
-28.5000_-66.0000,0.4609025791324736
-28.5000_-66.2500,0.4080383352872216
-28.5000_-66.5000,0.14885252051582648
-28.5000_-66.7500,0.15036014067995312
-28.5000_-67.0000,0.28594056271981244
-28.5000_-67.2500,0.2706501758499414
-28.5000_-67.5000,0.14978804220398592
-28.5000_-67.7500,0.3222046893317702
-28.5000_-68.0000,0.18765990621336462
-28.7500_-56.2500,0.6005531066822978
-28.7500_-56.5000,0.6422030480656507
-28.7500_-56.7500,0.633971981242673
-28.7500_-57.0000,0.6519916764361079
-28.7500_-57.2500,0.5911957796014068
-28.7500_-57.5000,0.60353856975381
-28.7500_-57.7500,0.6627762016412662
-28.7500_-58.0000,0.6698819460726847
-28.7500_-58.2500,0.6079369284876905
-28.7500_-58.5000,0.6216298944900353
-28.7500_-58.7500,0.6681934349355217
-28.7500_-59.0000,0.6014579132473622
-28.7500_-59.2500,0.6227246189917938
-28.7500_-59.5000,0.5479601406799531
-28.7500_-59.7500,0.5999709261430247
-28.7500_-60.0000,0.6158332942555685
-28.7500_-60.2500,0.592684876905041
-28.7500_-60.5000,0.5122772567409144
-28.7500_-60.7500,0.48252415005861665
-28.7500_-61.0000,0.3818726846424385
-28.7500_-61.2500,0.4984652989449003
-28.7500_-61.5000,0.49873247362250883
-28.7500_-61.7500,0.41791781946072687
-28.7500_-62.0000,0.46887373974208674
-28.7500_-62.2500,0.4487239155920282
-28.7500_-62.5000,0.4545140679953107
-28.7500_-62.7500,0.5446905041031653
-28.7500_-63.0000,0.6130227432590856
-28.7500_-63.2500,0.5521057444314186
-28.7500_-63.5000,0.4417203985932005
-28.7500_-63.7500,0.5208658851113717
-28.7500_-64.0000,0.37681195779601406
-28.7500_-64.2500,0.2913301289566237
-28.7500_-64.5000,0.5696236811254396
-28.7500_-64.7500,0.5099683470105509
-28.7500_-65.0000,0.530347245017585
-28.7500_-65.2500,0.576031184056272
-28.7500_-65.5000,0.6063154747948417
-28.7500_-65.7500,0.5897310668229778
-28.7500_-66.0000,0.4835934349355217
-28.7500_-66.2500,0.6563542790152405
-28.7500_-66.5000,0.1214198124267292
-28.7500_-66.7500,0.13094396248534584
-28.7500_-67.0000,0.43338241500586167
-28.7500_-67.2500,0.27765216881594373
-28.7500_-67.5000,0.22164314185228604
-28.7500_-67.7500,0.18760304806565065
-28.7500_-68.0000,0.27003634232121926
-29.0000_-56.5000,0.619062368112544
-29.0000_-56.7500,0.6200248534583822
-29.0000_-57.0000,0.6757732708089098
-29.0000_-57.2500,0.6587699882766705
-29.0000_-57.5000,0.5806845252051583
-29.0000_-57.7500,0.6023502930832356
-29.0000_-58.0000,0.6475764361078546
-29.0000_-58.2500,0.6747083235638922
-29.0000_-58.5000,0.6944308323563892
-29.0000_-58.7500,0.6069514654161782
-29.0000_-59.0000,0.6142368112543963
-29.0000_-59.2500,0.6899405627198125
-29.0000_-59.5000,0.5741851113716295
-29.0000_-59.7500,0.5733395076201642
-29.0000_-60.0000,0.6268657678780774
-29.0000_-60.2500,0.6483327080890974
-29.0000_-60.5000,0.5104968347010551
-29.0000_-60.7500,0.49740597889800703
-29.0000_-61.0000,0.46472672919109026
-29.0000_-61.2500,0.5642767878077374
-29.0000_-61.5000,0.5837642438452522
-29.0000_-61.7500,0.44250996483001176
-29.0000_-62.0000,0.42099988276670575
-29.0000_-62.2500,0.4005716295427902
-29.0000_-62.5000,0.48203516998827667
-29.0000_-62.7500,0.3837572098475967
-29.0000_-63.0000,0.5288041031652989
-29.0000_-63.2500,0.5142534583821806
-29.0000_-63.5000,0.49901535756154747
-29.0000_-63.7500,0.5278473622508792
-29.0000_-64.0000,0.4475314185228605
-29.0000_-64.2500,0.12940785463071514
-29.0000_-64.5000,0.19362473622508794
-29.0000_-64.7500,0.5330395076201642
-29.0000_-65.0000,0.5222874560375147
-29.0000_-65.2500,0.44203012895662364
-29.0000_-65.5000,0.6366753810082064
-29.0000_-65.7500,0.47835967174677607
-29.0000_-66.0000,0.3568459554513482
-29.0000_-66.2500,0.45436729191090275
-29.0000_-66.5000,0.4886262602579133
-29.0000_-66.7500,0.39883657678780776
-29.0000_-67.0000,0.34463845252051584
-29.0000_-67.2500,0.27908171160609613
-29.0000_-67.5000,0.19007139507620163
-29.0000_-67.7500,0.0686042203985932
-29.0000_-68.0000,0.16969308323563892
-29.2500_-56.7500,0.6156930832356389
-29.2500_-57.0000,0.6387207502930833
-29.2500_-57.2500,0.5955570926143025
-29.2500_-57.5000,0.6232175849941384
-29.2500_-57.7500,0.5455932004689332
-29.2500_-58.0000,0.6039620164126612
-29.2500_-58.2500,0.6891460726846426
-29.2500_-58.5000,0.6625350527549825
-29.2500_-58.7500,0.5778313012895663
-29.2500_-59.0000,0.6504609613130129
-29.2500_-59.2500,0.6222424384525206
-29.2500_-59.5000,0.30414923798358734
-29.2500_-59.7500,0.5728864009378664
-29.2500_-60.0000,0.4933113716295428
-29.2500_-60.2500,0.6244410316529894
-29.2500_-60.5000,0.6124024618991795
-29.2500_-60.7500,0.5371606096131302
-29.2500_-61.0000,0.4878192262602579
-29.2500_-61.2500,0.5803282532239157
-29.2500_-61.5000,0.5997198124267292
-29.2500_-61.7500,0.5337574443141853
-29.2500_-62.0000,0.4349753810082063
-29.2500_-62.2500,0.5039701055099648
-29.2500_-62.5000,0.5281245017584995
-29.2500_-62.7500,0.42760633059788977
-29.2500_-63.0000,0.4579308323563892
-29.2500_-63.2500,0.4701018757327081
-29.2500_-63.5000,0.5757316529894491
-29.2500_-63.7500,0.55708898007034
-29.2500_-64.0000,0.4620008206330598
-29.2500_-64.2500,0.07740621336459555
-29.2500_-64.5000,0.14685803048065652
-29.2500_-64.7500,0.5410193434935522
-29.2500_-65.0000,0.4498383352872216
-29.2500_-65.2500,0.5433226260257913
-29.2500_-65.5000,0.4676464243845252
-29.2500_-65.7500,0.32467561547479484
-29.2500_-66.0000,0.2512543962485346
-29.2500_-66.2500,0.3780654161781946
-29.2500_-66.5000,0.4092257913247362
-29.2500_-66.7500,0.522126143024619
-29.2500_-67.0000,0.24533001172332944
-29.2500_-67.2500,0.26936248534583823
-29.2500_-67.5000,0.23821910902696364
-29.2500_-67.7500,0.2512964830011723
-29.2500_-68.0000,0.2095052754982415
-29.5000_-57.0000,0.6423152403282533
-29.5000_-57.2500,0.6021475967174678
-29.5000_-57.5000,0.6622893317702228
-29.5000_-57.7500,0.6540323563892146
-29.5000_-58.0000,0.6382749120750294
-29.5000_-58.2500,0.6121750293083236
-29.5000_-58.5000,0.6170644783118405
-29.5000_-58.7500,0.6401957796014068
-29.5000_-59.0000,0.6033950762016413
-29.5000_-59.2500,0.5903758499413834
-29.5000_-59.5000,0.6766412661195781
-29.5000_-59.7500,0.5256746776084408
-29.5000_-60.0000,0.5412610785463072
-29.5000_-60.2500,0.5817957796014068
-29.5000_-60.5000,0.5905705744431419
-29.5000_-60.7500,0.4660981242672919
-29.5000_-61.0000,0.5559841735052755
-29.5000_-61.2500,0.5118093786635405
-29.5000_-61.5000,0.4543275498241501
-29.5000_-61.7500,0.5041025791324736
-29.5000_-62.0000,0.5230822977725674
-29.5000_-62.2500,0.4890888628370458
-29.5000_-62.5000,0.483209144196952
-29.5000_-62.7500,0.5009101992966003
-29.5000_-63.0000,0.48988475967174683
-29.5000_-63.2500,0.5277283704572099
-29.5000_-63.5000,0.5510644783118406
-29.5000_-63.7500,0.4625580304806565
-29.5000_-64.0000,0.43588827667057445
-29.5000_-64.2500,0.4578504103165299
-29.5000_-64.5000,0.18295509964830012
-29.5000_-64.7500,0.5227594372801876
-29.5000_-65.0000,0.343567878077374
-29.5000_-65.2500,0.47483915592028136
-29.5000_-65.5000,0.48296377491207504
-29.5000_-65.7500,0.335241735052755
-29.5000_-66.0000,0.34630304806565065
-29.5000_-66.2500,0.34098452520515826
-29.5000_-66.5000,0.4226245017584994
-29.5000_-66.7500,0.4450968347010551
-29.5000_-67.0000,0.5863621336459555
-29.5000_-67.2500,0.14650257913247364
-29.5000_-67.5000,0.2596208675263775
-29.5000_-67.7500,0.29589648300117233
-29.5000_-68.0000,0.15262731535756155
-29.7500_-57.2500,0.6171528722157094
-29.7500_-57.5000,0.5941016412661196
-29.7500_-57.7500,0.6197208675263775
-29.7500_-58.0000,0.6567211019929661
-29.7500_-58.2500,0.6415906213364595
-29.7500_-58.5000,0.5847791324736225
-29.7500_-58.7500,0.6489524032825323
-29.7500_-59.0000,0.6206547479484174
-29.7500_-59.2500,0.613131652989449
-29.7500_-59.5000,0.5535083235638921
-29.7500_-59.7500,0.5708618991793669
-29.7500_-60.0000,0.5930908558030481
-29.7500_-60.2500,0.5668539273153576
-29.7500_-60.5000,0.3007475967174677
-29.7500_-60.7500,0.5649864009378663
-29.7500_-61.0000,0.5247188745603751
-29.7500_-61.2500,0.5128861664712778
-29.7500_-61.5000,0.5092498241500586
-29.7500_-61.7500,0.4952289566236811
-29.7500_-62.0000,0.4570303634232122
-29.7500_-62.2500,0.42186998827667055
-29.7500_-62.5000,0.4848446658851114
-29.7500_-62.7500,0.4525342321219227
-29.7500_-63.0000,0.45619671746776086
-29.7500_-63.2500,0.4957107854630715
-29.7500_-63.5000,0.4763754982415006
-29.7500_-63.7500,0.5302425556858148
-29.7500_-64.0000,0.42621101992966004
-29.7500_-64.2500,0.4705383352872216
-29.7500_-64.5000,0.4951001172332943
-29.7500_-64.7500,0.21382661195779604
-29.7500_-65.0000,0.12986565064478311
-29.7500_-65.2500,0.3723730363423212
-29.7500_-65.5000,0.42794806565064475
-29.7500_-65.7500,0.40502743259085583
-29.7500_-66.0000,0.34367878077373976
-29.7500_-66.2500,0.3786150058616647
-29.7500_-66.5000,0.3401173505275498
-29.7500_-66.7500,0.4312213364595545
-29.7500_-67.0000,0.5018706916764362
-29.7500_-67.2500,0.16516905041031651
-29.7500_-67.5000,0.17324736225087925
-29.7500_-67.7500,0.1469219226260258
-29.7500_-68.0000,0.1522567409144197
-30.0000_-57.5000,0.6788071512309496
-30.0000_-57.7500,0.6709966002344666
-30.0000_-58.0000,0.6566028135990623
-30.0000_-58.2500,0.6522803048065652
-30.0000_-58.5000,0.6130982415005862
-30.0000_-58.7500,0.6179876905041032
-30.0000_-59.0000,0.6493892145369284
-30.0000_-59.2500,0.5879896834701055
-30.0000_-59.5000,0.5601980070339977
-30.0000_-59.7500,0.6082607268464244
-30.0000_-60.0000,0.5808588511137163
-30.0000_-60.2500,0.5454982415005861
-30.0000_-60.5000,0.5634257913247362
-30.0000_-60.7500,0.5610478311840563
-30.0000_-61.0000,0.48805169988276675
-30.0000_-61.2500,0.4114967174677609
-30.0000_-61.5000,0.5321513481828839
-30.0000_-61.7500,0.5190171160609613
-30.0000_-62.0000,0.47686354044548657
-30.0000_-62.2500,0.4431443141852286
-30.0000_-62.5000,0.43746025791324733
-30.0000_-62.7500,0.47453106682297774
-30.0000_-63.0000,0.4852491207502931
-30.0000_-63.2500,0.4244446658851114
-30.0000_-63.5000,0.4274554513481829
-30.0000_-63.7500,0.40094794841735054
-30.0000_-64.0000,0.49674607268464244
-30.0000_-64.2500,0.4221323563892146
-30.0000_-64.5000,0.428415123094959
-30.0000_-64.7500,0.044760140679953105
-30.0000_-65.0000,0.12518112543962484
-30.0000_-65.2500,0.13288300117233293
-30.0000_-65.5000,0.16245275498241502
-30.0000_-65.7500,0.3515339976553341
-30.0000_-66.0000,0.39385345838218055
-30.0000_-66.2500,0.3670320046893318
-30.0000_-66.5000,0.42027432590855807
-30.0000_-66.7500,0.3514800703399766
-30.0000_-67.0000,0.31589542790152403
-30.0000_-67.2500,0.34093481828839395
-30.0000_-67.5000,0.34281992966002345
-30.0000_-67.7500,0.1515375146541618
-30.0000_-68.0000,0.13956330597889802
-30.2500_-56.7500,0.641851817116061
-30.2500_-57.0000,0.6437541617819461
-30.2500_-57.7500,0.6804308323563892
-30.2500_-58.0000,0.5523657678780773
-30.2500_-58.2500,0.6421602579132474
-30.2500_-58.5000,0.6663704572098476
-30.2500_-58.7500,0.6770214536928488
-30.2500_-59.0000,0.6662516998827668
-30.2500_-59.2500,0.5641048065650645
-30.2500_-59.5000,0.6359056271981243
-30.2500_-59.7500,0.637789449003517
-30.2500_-60.0000,0.5042701055099649
-30.2500_-60.2500,0.528088042203986
-30.2500_-60.5000,0.4999425556858148
-30.2500_-60.7500,0.43680175849941383
-30.2500_-61.0000,0.5747382180539273
-30.2500_-61.2500,0.5203016412661196
-30.2500_-61.5000,0.565768347010551
-30.2500_-61.7500,0.5234751465416179
-30.2500_-62.0000,0.5109524032825322
-30.2500_-62.2500,0.13562461899179368
-30.2500_-62.5000,0.14237291910902697
-30.2500_-62.7500,0.3805923798358734
-30.2500_-63.0000,0.474284876905041
-30.2500_-63.2500,0.4435677608440797
-30.2500_-63.5000,0.4939147713950762
-30.2500_-63.7500,0.3939287221570926
-30.2500_-64.0000,0.5338652989449004
-30.2500_-64.2500,0.4772921453692849
-30.2500_-64.5000,0.4559923798358734
-30.2500_-64.7500,0.5306617819460727
-30.2500_-65.0000,0.5302751465416178
-30.2500_-65.2500,0.15849449003516997
-30.2500_-65.5000,0.14286600234466587
-30.2500_-65.7500,0.42812602579132475
-30.2500_-66.0000,0.4857511137162955
-30.2500_-66.2500,0.4180158264947245
-30.2500_-66.5000,0.42448522860492377
-30.2500_-66.7500,0.40370890973036344
-30.2500_-67.0000,0.32833153575615476
-30.2500_-67.2500,0.32891289566236814
-30.2500_-67.5000,0.24240457209847596
-30.2500_-67.7500,0.21592883939038687
-30.2500_-68.0000,0.24142614302461898
-30.5000_-56.5000,0.6266287221570926
-30.5000_-56.7500,0.6069556858147714
-30.5000_-57.0000,0.6465792497069168
-30.5000_-57.2500,0.6030684642438453
-30.5000_-57.5000,0.631933411488863
-30.5000_-57.7500,0.6565593200468933
-30.5000_-58.0000,0.7045443141852287
-30.5000_-58.2500,0.6350062133645955
-30.5000_-58.5000,0.6447420867526378
-30.5000_-58.7500,0.6170361078546308
-30.5000_-59.0000,0.6070044548651817
-30.5000_-59.2500,0.5788164126611958
-30.5000_-59.5000,0.6110246189917937
-30.5000_-59.7500,0.6886766705744432
-30.5000_-60.0000,0.5789739742086752
-30.5000_-60.2500,0.616140328253224
-30.5000_-60.5000,0.5873810082063305
-30.5000_-60.7500,0.5537629542790152
-30.5000_-61.0000,0.5775914419695193
-30.5000_-61.2500,0.511609613130129
-30.5000_-61.5000,0.488632121922626
-30.5000_-61.7500,0.5229817116060962
-30.5000_-62.0000,0.5151977725674092
-30.5000_-62.2500,0.2456706916764361
-30.5000_-62.5000,-0.015688511137162953
-30.5000_-62.7500,0.1537973036342321
-30.5000_-63.0000,0.15303833528722155
-30.5000_-63.2500,0.1421158264947245
-30.5000_-63.5000,0.45581723329425555
-30.5000_-63.7500,0.3941216881594373
-30.5000_-64.0000,0.4193744431418523
-30.5000_-64.2500,0.5030874560375147
-30.5000_-64.5000,0.4852723329425557
-30.5000_-64.7500,0.46878898007034
-30.5000_-65.0000,0.4788141852286049
-30.5000_-65.2500,0.6112195779601407
-30.5000_-65.5000,0.23235732708089096
-30.5000_-65.7500,0.4863547479484174
-30.5000_-66.0000,0.46585592028135997
-30.5000_-66.2500,0.46928335287221573
-30.5000_-66.5000,0.3437465416178195
-30.5000_-66.7500,0.320720164126612
-30.5000_-67.0000,0.3160757327080891
-30.5000_-67.2500,0.3061618991793669
-30.5000_-67.5000,0.28887162954279016
-30.5000_-67.7500,0.349453223915592
-30.5000_-68.0000,0.172489449003517
-30.7500_-56.2500,0.6327223915592028
-30.7500_-56.5000,0.6318248534583821
-30.7500_-56.7500,0.6394678780773739
-30.7500_-57.0000,0.6388153575615475
-30.7500_-57.2500,0.6264709261430247
-30.7500_-57.5000,0.6000879249706916
-30.7500_-57.7500,0.5802647127784291
-30.7500_-58.0000,0.5686819460726846
-30.7500_-58.2500,0.619529308323564
-30.7500_-58.5000,0.6250105509964831
-30.7500_-58.7500,0.6720671746776086
-30.7500_-59.0000,0.647835756154748
-30.7500_-59.2500,0.6144560375146542
-30.7500_-59.5000,0.596604103165299
-30.7500_-59.7500,0.6480746776084408
-30.7500_-60.0000,0.5690854630715123
-30.7500_-60.2500,0.5429487690504103
-30.7500_-60.5000,0.4807679953106682
-30.7500_-60.7500,0.5371797186400938
-30.7500_-61.0000,0.530084876905041
-30.7500_-61.2500,0.5109126611957796
-30.7500_-61.5000,0.5263250879249707
-30.7500_-61.7500,0.5462186400937866
-30.7500_-62.0000,0.5102486518171161
-30.7500_-62.2500,-0.04068593200468933
-30.7500_-62.5000,-0.0971989449003517
-30.7500_-62.7500,-0.09397338804220398
-30.7500_-63.0000,0.3876968347010551
-30.7500_-63.2500,0.4813227432590856
-30.7500_-63.5000,0.4588193434935522
-30.7500_-63.7500,0.42412579132473627
-30.7500_-64.0000,0.4184570926143024
-30.7500_-64.2500,0.47407655334114895
-30.7500_-64.5000,0.5097271981242673
-30.7500_-64.7500,0.5041239155920281
-30.7500_-65.0000,0.4859118405627198
-30.7500_-65.2500,0.49085908558030483
-30.7500_-65.5000,0.37721652989449
-30.7500_-65.7500,0.500103634232122
-30.7500_-66.0000,0.4032720984759672
-30.7500_-66.2500,0.4646246189917937
-30.7500_-66.5000,0.3769118405627198
-30.7500_-66.7500,0.333126143024619
-30.7500_-67.0000,0.3000901524032825
-30.7500_-67.2500,0.31956236811254396
-30.7500_-67.5000,0.3666508792497069
-30.7500_-67.7500,0.2793753810082063
-30.7500_-68.0000,0.10249320046893318
-31.0000_-56.2500,0.6719652989449004
-31.0000_-56.5000,0.6398661195779601
-31.0000_-56.7500,0.6330824150058617
-31.0000_-57.0000,0.6359245017584995
-31.0000_-57.2500,0.6680368112543963
-31.0000_-57.5000,0.6401847596717468
-31.0000_-57.7500,0.5175328253223916
-31.0000_-58.0000,0.698742203985932
-31.0000_-58.2500,0.6146992966002346
-31.0000_-58.5000,0.6392767878077373
-31.0000_-58.7500,0.6821560375146541
-31.0000_-59.0000,0.6443609613130129
-31.0000_-59.2500,0.6555854630715124
-31.0000_-59.5000,0.5567053927315357
-31.0000_-59.7500,0.679530715123095
-31.0000_-60.0000,0.5089512309495897
-31.0000_-60.2500,0.611506447831184
-31.0000_-60.5000,0.5744347010550998
-31.0000_-60.7500,0.5267419695193435
-31.0000_-61.0000,0.547659202813599
-31.0000_-61.2500,0.5100920281359906
-31.0000_-61.5000,0.5568987104337632
-31.0000_-61.7500,0.5532161781946073
-31.0000_-62.0000,0.48367596717467765
-31.0000_-62.2500,0.5052656506447831
-31.0000_-62.5000,0.47864314185228607
-31.0000_-62.7500,0.486267878077374
-31.0000_-63.0000,0.42879601406799533
-31.0000_-63.2500,0.4391811254396249
-31.0000_-63.5000,0.42295814771395074
-31.0000_-63.7500,0.43671887456037517
-31.0000_-64.0000,0.4208171160609613
-31.0000_-64.2500,0.5300994138335288
-31.0000_-64.5000,0.530008206330598
-31.0000_-64.7500,0.49360785463071516
-31.0000_-65.0000,0.5133730363423212
-31.0000_-65.2500,0.509683001172333
-31.0000_-65.5000,0.4598583821805393
-31.0000_-65.7500,0.4953162954279015
-31.0000_-66.0000,0.38359800703399766
-31.0000_-66.2500,0.3825260257913247
-31.0000_-66.5000,0.4372879249706917
-31.0000_-66.7500,0.38814630715123094
-31.0000_-67.0000,0.35590621336459555
-31.0000_-67.2500,0.38328511137162957
-31.0000_-67.5000,0.3458750293083236
-31.0000_-67.7500,0.10547338804220399
-31.0000_-68.0000,0.09206799531066824
-31.2500_-56.0000,0.6993760844079719
-31.2500_-56.2500,0.5940762016412662
-31.2500_-56.5000,0.6546370457209847
-31.2500_-56.7500,0.6412814771395077
-31.2500_-57.0000,0.6543310668229777
-31.2500_-57.2500,0.6381664712778429
-31.2500_-57.5000,0.6376866354044549
-31.2500_-57.7500,0.646799062133646
-31.2500_-58.0000,0.7183854630715124
-31.2500_-58.2500,0.7603706916764362
-31.2500_-58.5000,0.5893053927315358
-31.2500_-58.7500,0.6039668229777257
-31.2500_-59.0000,0.6193399765533412
-31.2500_-59.2500,0.5969568581477139
-31.2500_-59.5000,0.583578898007034
-31.2500_-59.7500,0.6113689331770222
-31.2500_-60.0000,0.5862440797186401
-31.2500_-60.2500,0.6312402110199297
-31.2500_-60.5000,0.5339663540445486
-31.2500_-60.7500,0.5676450175849942
-31.2500_-61.0000,0.5479644783118406
-31.2500_-61.2500,0.5408507620164127
-31.2500_-61.5000,0.4185984759671747
-31.2500_-61.7500,0.49629202813599066
-31.2500_-62.0000,0.4519962485345838
-31.2500_-62.2500,0.45658804220398597
-31.2500_-62.5000,0.45309976553341147
-31.2500_-62.7500,0.4464956623681125
-31.2500_-63.0000,0.46080621336459554
-31.2500_-63.2500,0.46100281359906214
-31.2500_-63.5000,0.4954347010550996
-31.2500_-63.7500,0.4042223915592028
-31.2500_-64.0000,0.40677069167643615
-31.2500_-64.2500,0.4465759671746776
-31.2500_-64.5000,0.5211627198124268
-31.2500_-64.7500,0.3640284876905041
-31.2500_-65.0000,0.543483001172333
-31.2500_-65.2500,0.47657467760844086
-31.2500_-65.5000,0.5183774912075029
-31.2500_-65.7500,0.46027608440797185
-31.2500_-66.0000,0.5016785463071513
-31.2500_-66.2500,0.41168769050410314
-31.2500_-66.5000,0.34143540445486514
-31.2500_-66.7500,0.3496060961313013
-31.2500_-67.0000,0.3397303634232122
-31.2500_-67.2500,0.23942438452520518
-31.2500_-67.5000,0.2784815943728019
-31.2500_-67.7500,0.23913610785463071
-31.2500_-68.0000,0.17526400937866354
-31.5000_-56.0000,0.7058685814771395
-31.5000_-56.2500,0.6903989449003517
-31.5000_-56.5000,0.6296817116060962
-31.5000_-56.7500,0.6360719812426728
-31.5000_-57.0000,0.63187796014068
-31.5000_-57.2500,0.6468097303634233
-31.5000_-57.5000,0.6335953106682298
-31.5000_-57.7500,0.6584658851113717
-31.5000_-58.0000,0.5773372801875732
-31.5000_-58.2500,0.6605305978898007
-31.5000_-58.5000,0.5391150058616647
-31.5000_-58.7500,0.5886103165298945
-31.5000_-59.0000,0.6146667057444314
-31.5000_-59.2500,0.6652049237983587
-31.5000_-59.5000,0.6319953106682298
-31.5000_-59.7500,0.5690432590855803
-31.5000_-60.0000,0.5933629542790152
-31.5000_-60.2500,0.5216495896834701
-31.5000_-60.5000,0.6203426729191089
-31.5000_-60.7500,0.5433232121922627
-31.5000_-61.0000,0.5502855803048066
-31.5000_-61.2500,0.5056438452520516
-31.5000_-61.5000,0.47807139507620167
-31.5000_-61.7500,0.477815123094959
-31.5000_-62.0000,0.4883859320046894
-31.5000_-62.2500,0.4862430246189918
-31.5000_-62.5000,0.4754389214536928
-31.5000_-62.7500,0.4554574443141852
-31.5000_-63.0000,0.49380937866354047
-31.5000_-63.2500,0.4728014067995311
-31.5000_-63.5000,0.43426072684642436
-31.5000_-63.7500,0.4069282532239156
-31.5000_-64.0000,0.41025240328253226
-31.5000_-64.2500,0.39261570926143025
-31.5000_-64.5000,0.5133434935521688
-31.5000_-64.7500,0.4210504103165299
-31.5000_-65.0000,0.45844513481828836
-31.5000_-65.2500,0.42802719812426726
-31.5000_-65.5000,0.4717449003516999
-31.5000_-65.7500,0.4893031652989449
-31.5000_-66.0000,0.43941395076201645
-31.5000_-66.2500,0.330974325908558
-31.5000_-66.5000,0.35847796014067995
-31.5000_-66.7500,0.3415008206330598
-31.5000_-67.0000,0.1760617819460727
-31.5000_-67.2500,0.17914419695193434
-31.5000_-67.5000,0.1659772567409144
-31.5000_-67.7500,0.1907400937866354
-31.5000_-68.0000,0.21539941383352873
-31.7500_-56.0000,0.684088042203986
-31.7500_-56.2500,0.6492553341148887
-31.7500_-56.5000,0.6255825322391559
-31.7500_-56.7500,0.6266797186400939
-31.7500_-57.0000,0.6373188745603752
-31.7500_-57.2500,0.6614799531066823
-31.7500_-57.5000,0.621683001172333
-31.7500_-57.7500,0.6739035169988277
-31.7500_-58.0000,0.6344818288393905
-31.7500_-58.2500,0.7817341148886284
-31.7500_-58.5000,0.6292509964830012
-31.7500_-58.7500,0.5328085580304807
-31.7500_-59.0000,0.5724424384525205
-31.7500_-59.2500,0.6057709261430246
-31.7500_-59.5000,0.6124801875732708
-31.7500_-59.7500,0.5745359906213364
-31.7500_-60.0000,0.541251817116061
-31.7500_-60.2500,0.5541410316529894
-31.7500_-60.5000,0.35625216881594374
-31.7500_-60.7500,0.6398606096131302
-31.7500_-61.0000,0.5136147713950762
-31.7500_-61.2500,0.5204140679953106
-31.7500_-61.5000,0.4657121922626026
-31.7500_-61.7500,0.49058077373974207
-31.7500_-62.0000,0.44644267291910905
-31.7500_-62.2500,0.46870832356389214
-31.7500_-62.5000,0.4415799531066823
-31.7500_-62.7500,0.46663856975381013
-31.7500_-63.0000,0.45518511137162954
-31.7500_-63.2500,0.44988698710433767
-31.7500_-63.5000,0.44065099648300116
-31.7500_-63.7500,0.38423856975381004
-31.7500_-64.0000,0.3586284876905041
-31.7500_-64.2500,0.4191596717467761
-31.7500_-64.5000,0.5563405627198125
-31.7500_-64.7500,0.4761846424384525
-31.7500_-65.0000,0.403164243845252
-31.7500_-65.2500,0.5038184056271982
-31.7500_-65.5000,0.5160154747948418
-31.7500_-65.7500,0.4698354044548652
-31.7500_-66.0000,0.41327713950762013
-31.7500_-66.2500,0.3703932004689332
-31.7500_-66.5000,0.3859516998827667
-31.7500_-66.7500,0.2893926143024619
-31.7500_-67.0000,0.2301767878077374
-31.7500_-67.2500,0.19687280187573272
-31.7500_-67.5000,0.14404654161781946
-31.7500_-67.7500,0.1593538100820633
-31.7500_-68.0000,0.16363610785463073
-32.0000_-56.0000,0.7189135990621336
-32.0000_-56.2500,0.5978826494724502
-32.0000_-56.5000,0.6260222743259086
-32.0000_-56.7500,0.6194005861664713
-32.0000_-57.0000,0.6120269636576787
-32.0000_-57.2500,0.6180547479484173
-32.0000_-57.5000,0.6976800703399766
-32.0000_-57.7500,0.6676434935521689
-32.0000_-58.0000,0.6375914419695193
-32.0000_-58.2500,0.730220633059789
-32.0000_-58.5000,0.601578898007034
-32.0000_-58.7500,0.5570052754982415
-32.0000_-59.0000,0.5688948417350528
-32.0000_-59.2500,0.6151640093786636
-32.0000_-59.5000,0.6138234466588511
-32.0000_-59.7500,0.582416060961313
-32.0000_-60.0000,0.5387018757327081
-32.0000_-60.2500,0.5086719812426729
-32.0000_-60.5000,0.520339038686987
-32.0000_-60.7500,0.5629699882766707
-32.0000_-61.0000,0.5023461899179367
-32.0000_-61.2500,0.5094846424384525
-32.0000_-61.5000,0.48882567409144195
-32.0000_-61.7500,0.5122866354044548
-32.0000_-62.0000,0.44541512309495895
-32.0000_-62.2500,0.4196127784290739
-32.0000_-62.5000,0.4372705744431419
-32.0000_-62.7500,0.4514997655334115
-32.0000_-63.0000,0.4336871043376319
-32.0000_-63.2500,0.4751094958968347
-32.0000_-63.5000,0.4221203985932005
-32.0000_-63.7500,0.4304438452520516
-32.0000_-64.0000,0.39423997655334114
-32.0000_-64.2500,0.39343950762016416
-32.0000_-64.5000,0.547505978898007
-32.0000_-64.7500,0.5082015240328254
-32.0000_-65.0000,0.6103459554513482
-32.0000_-65.2500,0.4442445486518171
-32.0000_-65.5000,0.45054302461899176
-32.0000_-65.7500,0.48473587338804225
-32.0000_-66.0000,0.45967573270808915
-32.0000_-66.2500,0.38304232121922627
-32.0000_-66.5000,0.4104920281359906
-32.0000_-66.7500,0.11262555685814771
-32.0000_-67.0000,0.29333259085580304
-32.0000_-67.2500,0.1728506447831184
-32.0000_-67.5000,0.15027901524032825
-32.0000_-67.7500,0.16693962485345837
-32.0000_-68.0000,0.13922579132473623
-32.2500_-56.0000,0.650653223915592
-32.2500_-56.2500,0.6299586166471277
-32.2500_-56.5000,0.6221259085580305
-32.2500_-56.7500,0.6810230949589683
-32.2500_-57.0000,0.6143392731535756
-32.2500_-57.2500,0.6748644783118406
-32.2500_-57.5000,0.7803948417350528
-32.2500_-57.7500,0.6466641266119578
-32.2500_-58.0000,0.6449593200468934
-32.2500_-58.2500,0.6444112543962486
-32.2500_-58.5000,0.5815898007033998
-32.2500_-58.7500,0.5525805392731535
-32.2500_-59.0000,0.5657810082063306
-32.2500_-59.2500,0.5424188745603752
-32.2500_-59.5000,0.5734824150058616
-32.2500_-59.7500,0.6015805392731536
-32.2500_-60.0000,0.5419828839390387
-32.2500_-60.2500,0.5469691676436108
-32.2500_-60.5000,0.5537070339976554
-32.2500_-60.7500,0.5349028135990621
-32.2500_-61.0000,0.49634220398593204
-32.2500_-61.2500,0.5070719812426729
-32.2500_-61.5000,0.5256589683470105
-32.2500_-61.7500,0.4488752637749121
-32.2500_-62.0000,0.49383575615474795
-32.2500_-62.2500,0.490226611957796
-32.2500_-62.5000,0.4576737397420868
-32.2500_-62.7500,0.4669783118405627
-32.2500_-63.0000,0.4430069167643611
-32.2500_-63.2500,0.4398396248534584
-32.2500_-63.5000,0.429146307151231
-32.2500_-63.7500,0.4216287221570927
-32.2500_-64.0000,0.3783424384525206
-32.2500_-64.2500,0.3927846424384525
-32.2500_-64.5000,0.4852490035169988
-32.2500_-64.7500,0.47671711606096134
-32.2500_-65.0000,0.612302696365768
-32.2500_-65.2500,0.482110082063306
-32.2500_-65.5000,0.47468229777256743
-32.2500_-65.7500,0.4551922626025791
-32.2500_-66.0000,0.5190396248534584
-32.2500_-66.2500,0.46566060961313016
-32.2500_-66.5000,0.39400433763188747
-32.2500_-66.7500,0.2668337631887456
-32.2500_-67.0000,0.3277575615474795
-32.2500_-67.2500,0.25539015240328256
-32.2500_-67.5000,0.2217282532239156
-32.2500_-67.7500,0.17897667057444314
-32.2500_-68.0000,0.1942223915592028
-32.5000_-56.0000,0.6622928487690504
-32.5000_-56.2500,0.6234339976553341
-32.5000_-56.5000,0.6347702227432591
-32.5000_-56.7500,0.6539601406799531
-32.5000_-57.0000,0.6657798358733881
-32.5000_-57.2500,0.7543926143024619
-32.5000_-57.5000,0.6801991793669403
-32.5000_-57.7500,0.6084481828839391
-32.5000_-58.0000,0.6252325908558031
-32.5000_-58.2500,0.5495398593200469
-32.5000_-58.5000,0.6413975381008207
-32.5000_-58.7500,0.5629305978898007
-32.5000_-59.0000,0.5392096131301289
-32.5000_-59.2500,0.584868347010551
-32.5000_-59.5000,0.5126847596717468
-32.5000_-59.7500,0.6178208675263775
-32.5000_-60.0000,0.5476438452520516
-32.5000_-60.2500,0.5352599062133646
-32.5000_-60.5000,0.6107392731535756
-32.5000_-60.7500,0.32224314185228603
-32.5000_-61.0000,0.48056869871043384
-32.5000_-61.2500,0.5124593200468933
-32.5000_-61.5000,0.5155053927315358
-32.5000_-61.7500,0.46775486518171167
-32.5000_-62.0000,0.4541928487690505
-32.5000_-62.2500,0.4588133645955451
-32.5000_-62.5000,0.4171065650644783
-32.5000_-62.7500,0.4184580304806565
-32.5000_-63.0000,0.4213626025791325
-32.5000_-63.2500,0.4329271981242673
-32.5000_-63.5000,0.4101538100820633
-32.5000_-63.7500,0.43263716295427906
-32.5000_-64.0000,0.40211383352872215
-32.5000_-64.2500,0.5080016412661196
-32.5000_-64.5000,0.3964229777256741
-32.5000_-64.7500,0.4479413833528722
-32.5000_-65.0000,0.4671240328253224
-32.5000_-65.2500,0.5368675263774912
-32.5000_-65.5000,0.4223694021101993
-32.5000_-65.7500,0.4072754982415006
-32.5000_-66.0000,0.4591192262602579
-32.5000_-66.2500,0.4834797186400938
-32.5000_-66.5000,0.39855474794841733
-32.5000_-66.7500,0.3330888628370457
-32.5000_-67.0000,0.2556742086752638
-32.5000_-67.2500,0.17492672919109029
-32.5000_-67.5000,0.22606096131301287
-32.5000_-67.7500,0.22256682297772568
-32.5000_-68.0000,0.17594830011723328
-32.7500_-56.0000,0.5085485345838218
-32.7500_-56.2500,0.28790058616647124
-32.7500_-56.5000,0.6093030480656506
-32.7500_-56.7500,0.6408739742086753
-32.7500_-57.0000,0.5976032825322392
-32.7500_-57.2500,0.6581509964830012
-32.7500_-57.5000,0.6352390386869872
-32.7500_-57.7500,0.6191835873388042
-32.7500_-58.0000,0.6653929660023447
-32.7500_-58.2500,0.6612845252051582
-32.7500_-58.5000,0.6633488862837046
-32.7500_-58.7500,0.5670492379835874
-32.7500_-59.0000,0.5397283704572099
-32.7500_-59.2500,0.5517936694021102
-32.7500_-59.5000,0.6046528722157093
-32.7500_-59.7500,0.5608070339976553
-32.7500_-60.0000,0.558119226260258
-32.7500_-60.2500,0.6041866354044549
-32.7500_-60.5000,0.585731184056272
-32.7500_-60.7500,0.48985111371629547
-32.7500_-61.0000,0.48584267291910904
-32.7500_-61.2500,0.4552854630715123
-32.7500_-61.5000,0.46253388042203986
-32.7500_-61.7500,0.444735756154748
-32.7500_-62.0000,0.4662242672919109
-32.7500_-62.2500,0.4136830011723329
-32.7500_-62.5000,0.4301352872215709
-32.7500_-62.7500,0.4326109026963658
-32.7500_-63.0000,0.439540797186401
-32.7500_-63.2500,0.428182532239156
-32.7500_-63.5000,0.43232391559202815
-32.7500_-63.7500,0.44173305978898003
-32.7500_-64.0000,0.40073364595545136
-32.7500_-64.2500,0.39994103165298944
-32.7500_-64.5000,0.40178851113716296
-32.7500_-64.7500,0.4599458382180539
-32.7500_-65.0000,0.49503622508792494
-32.7500_-65.2500,0.3559177022274326
-32.7500_-65.5000,0.39374150058616647
-32.7500_-65.7500,0.4365453692848769
-32.7500_-66.0000,0.3985642438452521
-32.7500_-66.2500,0.4515547479484173
-32.7500_-66.5000,0.4083451348182884
-32.7500_-66.7500,0.35570375146541616
-32.7500_-67.0000,0.33066553341148885
-32.7500_-67.2500,0.19681899179366938
-32.7500_-67.5000,0.19231406799531067
-32.7500_-67.7500,0.2456282532239156
-32.7500_-68.0000,0.18895744431418524
-33.0000_-56.0000,0.629100937866354
-33.0000_-56.2500,0.634351348182884
-33.0000_-56.5000,0.6686433763188746
-33.0000_-56.7500,0.6245941383352873
-33.0000_-57.0000,0.5381924970691677
-33.0000_-57.2500,0.6726153575615474
-33.0000_-57.5000,0.6664590855803048
-33.0000_-57.7500,0.6183327080890973
-33.0000_-58.0000,0.5527345838218054
-33.0000_-58.2500,0.6538832356389216
-33.0000_-58.5000,0.42849718640093787
-33.0000_-58.7500,0.6501728018757327
-33.0000_-59.0000,0.5650533411488863
-33.0000_-59.2500,0.5615500586166472
-33.0000_-59.5000,0.5492929660023447
-33.0000_-59.7500,0.5351478311840563
-33.0000_-60.0000,0.5376032825322392
-33.0000_-60.2500,0.4883626025791325
-33.0000_-60.5000,0.58868898007034
-33.0000_-60.7500,0.4846350527549824
-33.0000_-61.0000,0.45781676436107854
-33.0000_-61.2500,0.46432684642438454
-33.0000_-61.5000,0.4810892145369285
-33.0000_-61.7500,0.42132250879249705
-33.0000_-62.0000,0.41156529894490035
-33.0000_-62.2500,0.4361031652989449
-33.0000_-62.5000,0.41250234466588515
-33.0000_-62.7500,0.41153657678780775
-33.0000_-63.0000,0.41699753810082063
-33.0000_-63.2500,0.44221957796014066
-33.0000_-63.5000,0.450004572098476
-33.0000_-63.7500,0.4310981242672919
-33.0000_-64.0000,0.41442837045720987
-33.0000_-64.2500,0.4391052754982415
-33.0000_-64.5000,0.4239621336459555
-33.0000_-64.7500,0.46077162954279016
-33.0000_-65.0000,0.41330386869871044
-33.0000_-65.2500,0.3520654161781946
-33.0000_-65.5000,0.3571806565064478
-33.0000_-65.7500,0.3936810082063306
-33.0000_-66.0000,0.40727620164126616
-33.0000_-66.2500,0.4251493552168816
-33.0000_-66.5000,0.38989718640093785
-33.0000_-66.7500,0.376732590855803
-33.0000_-67.0000,0.3461509964830012
-33.0000_-67.2500,0.19482649472450178
-33.0000_-67.5000,0.2691461899179367
-33.0000_-67.7500,0.2431892145369285
-33.0000_-68.0000,0.23110046893317704
-33.2500_-56.0000,0.6713134818288394
-33.2500_-56.2500,0.628038100820633
-33.2500_-56.5000,0.6083608440797187
-33.2500_-56.7500,0.6483479484173506
-33.2500_-57.0000,0.6287600234466589
-33.2500_-57.2500,0.7025549824150059
-33.2500_-57.5000,0.6223752637749121
-33.2500_-57.7500,0.5856831184056273
-33.2500_-58.0000,0.6275996483001172
-33.2500_-58.2500,0.6086671746776086
-33.2500_-58.5000,0.6646189917936695
-33.2500_-58.7500,0.5914511137162954
-33.2500_-59.0000,0.5874117233294256
-33.2500_-59.2500,0.5444339976553341
-33.2500_-59.5000,0.5483882766705744
-33.2500_-59.7500,0.5009305978898008
-33.2500_-60.0000,0.5476137162954279
-33.2500_-60.2500,0.5456797186400938
-33.2500_-60.5000,0.4910645955451348
-33.2500_-60.7500,0.4709562719812427
-33.2500_-61.0000,0.4841033997655334
-33.2500_-61.2500,0.4440599062133646
-33.2500_-61.5000,0.4486882766705745
-33.2500_-61.7500,0.44271770222743256
-33.2500_-62.0000,0.4312915592028136
-33.2500_-62.2500,0.45013106682297777
-33.2500_-62.5000,0.4495363423212192
-33.2500_-62.7500,0.4153900351699883
-33.2500_-63.0000,0.4315976553341149
-33.2500_-63.2500,0.48862966002344665
-33.2500_-63.5000,0.44002672919109026
-33.2500_-63.7500,0.4302195779601407
-33.2500_-64.0000,0.4478406799531067
-33.2500_-64.2500,0.42735134818288395
-33.2500_-64.5000,0.42238804220398596
-33.2500_-64.7500,0.41241535756154746
-33.2500_-65.0000,0.38394771395076205
-33.2500_-65.2500,0.38864454865181713
-33.2500_-65.5000,0.3727093786635405
-33.2500_-65.7500,0.34596987104337634
-33.2500_-66.0000,0.3991514654161782
-33.2500_-66.2500,0.46208229777256743
-33.2500_-66.5000,0.45445345838218054
-33.2500_-66.7500,0.4554691676436108
-33.2500_-67.0000,0.3610589683470105
-33.2500_-67.2500,0.20384618991793668
-33.2500_-67.5000,0.32720386869871043
-33.2500_-67.7500,0.2734710433763189
-33.2500_-68.0000,0.2611575615474795
-33.5000_-56.0000,0.6465869871043377
-33.5000_-56.2500,0.6630864009378664
-33.5000_-56.5000,0.5934497069167644
-33.5000_-56.7500,0.613606447831184
-33.5000_-57.0000,0.5961930832356389
-33.5000_-57.2500,0.5982137162954279
-33.5000_-57.5000,0.584252754982415
-33.5000_-57.7500,0.6127587338804221
-33.5000_-58.0000,0.5906984759671747
-33.5000_-58.2500,0.6351131301289568
-33.5000_-58.7500,0.6741784290738569
-33.5000_-59.0000,0.6240159437280188
-33.5000_-59.2500,0.5297390386869871
-33.5000_-59.5000,0.5749505275498242
-33.5000_-59.7500,0.5977178194607269
-33.5000_-60.0000,0.38813411488862837
-33.5000_-60.2500,0.4925901524032825
-33.5000_-60.5000,0.5266393903868699
-33.5000_-60.7500,0.4999575615474795
-33.5000_-61.0000,0.48010539273153574
-33.5000_-61.2500,0.44777315357561553
-33.5000_-61.5000,0.4762977725674092
-33.5000_-61.7500,0.42608593200468936
-33.5000_-62.0000,0.43802579132473624
-33.5000_-62.2500,0.47257303634232123
-33.5000_-62.5000,0.4655486518171161
-33.5000_-62.7500,0.4439575615474795
-33.5000_-63.0000,0.4631890973036342
-33.5000_-63.2500,0.4333474794841735
-33.5000_-63.5000,0.43930867526377493
-33.5000_-63.7500,0.45550234466588513
-33.5000_-64.0000,0.4329531066822978
-33.5000_-64.2500,0.4806382180539273
-33.5000_-64.5000,0.4419890973036342
-33.5000_-64.7500,0.44350773739742083
-33.5000_-65.0000,0.40435134818288393
-33.5000_-65.2500,0.4190807737397421
-33.5000_-65.5000,0.39498780773739744
-33.5000_-65.7500,0.33439507620164133
-33.5000_-66.0000,0.3790797186400938
-33.5000_-66.2500,0.4584072684642439
-33.5000_-66.5000,0.4566237983587339
-33.5000_-66.7500,0.4171468933177022
-33.5000_-67.0000,0.4101227432590856
-33.5000_-67.2500,0.2899887456037515
-33.5000_-67.5000,0.32527033997655336
-33.5000_-67.7500,0.24940726846424383
-33.5000_-68.0000,0.23500926143024617
-33.7500_-56.0000,0.6211740914419694
-33.7500_-56.2500,0.6037487690504103
-33.7500_-56.5000,0.6245335287221572
-33.7500_-56.7500,0.6318058616647128
-33.7500_-57.0000,0.605140328253224
-33.7500_-57.2500,0.6232243845252052
-33.7500_-57.5000,0.593774325908558
-33.7500_-57.7500,0.583063305978898
-33.7500_-58.0000,0.557461899179367
-33.7500_-58.2500,0.610505041031653
-33.7500_-58.7500,0.6904819460726848
-33.7500_-59.0000,0.6579275498241501
-33.7500_-59.2500,0.41709999999999997
-33.7500_-59.5000,0.5880815943728018
-33.7500_-59.7500,0.5119971864009379
-33.7500_-60.0000,0.47243434935521694
-33.7500_-60.2500,0.5076997655334115
-33.7500_-60.5000,0.5333008206330598
-33.7500_-60.7500,0.5285226260257914
-33.7500_-61.0000,0.5185200468933177
-33.7500_-61.2500,0.44373188745603753
-33.7500_-61.5000,0.4701616647127785
-33.7500_-61.7500,0.4521043376318875
-33.7500_-62.0000,0.45394431418522857
-33.7500_-62.2500,0.4089919109026963
-33.7500_-62.5000,0.43160621336459554
-33.7500_-62.7500,0.4170344665885111
-33.7500_-63.0000,0.4628283704572098
-33.7500_-63.2500,0.440541735052755
-33.7500_-63.5000,0.448584876905041
-33.7500_-63.7500,0.45983810082063303
-33.7500_-64.0000,0.4492686987104338
-33.7500_-64.2500,0.44672508792497073
-33.7500_-64.5000,0.45060386869871044
-33.7500_-64.7500,0.4434337631887456
-33.7500_-65.0000,0.4286361078546307
-33.7500_-65.2500,0.4185996483001172
-33.7500_-65.5000,0.3959143024618992
-33.7500_-65.7500,0.3598982415005862
-33.7500_-66.0000,0.327009613130129
-33.7500_-66.2500,0.40419929660023446
-33.7500_-66.5000,0.43417608440797184
-33.7500_-66.7500,0.3796652989449003
-33.7500_-67.0000,0.341510550996483
-33.7500_-67.2500,0.2877926143024619
-33.7500_-67.5000,0.23236846424384525
-33.7500_-67.7500,0.2360923798358734
-33.7500_-68.0000,0.2915107854630715
-34.0000_-56.0000,0.6315600234466588
-34.0000_-56.2500,0.6235736225087926
-34.0000_-56.5000,0.6310786635404455
-34.0000_-56.7500,0.6137203985932005
-34.0000_-57.0000,0.6319382180539274
-34.0000_-57.2500,0.6186720984759672
-34.0000_-57.5000,0.6351649472450176
-34.0000_-57.7500,0.6118575615474795
-34.0000_-58.0000,0.5849732708089098
-34.0000_-58.2500,0.6499636576787807
-34.0000_-58.5000,0.6566783118405628
-34.0000_-58.7500,0.6349012895662369
-34.0000_-59.0000,0.6255004689331771
-34.0000_-59.2500,0.5233005861664713
-34.0000_-59.5000,0.5305123094958969
-34.0000_-59.7500,0.5422060961313013
-34.0000_-60.0000,0.4844432590855803
-34.0000_-60.2500,0.5084119577960141
-34.0000_-60.5000,0.5159420867526378
-34.0000_-60.7500,0.501974794841735
-34.0000_-61.0000,0.4974886283704572
-34.0000_-61.2500,0.4590453692848769
-34.0000_-61.5000,0.3829039859320047
-34.0000_-61.7500,0.40901828839390386
-34.0000_-62.0000,0.4824433763188746
-34.0000_-62.2500,0.4701351699882767
-34.0000_-62.5000,0.43602075029308324
-34.0000_-62.7500,0.44637901524032825
-34.0000_-63.0000,0.44728440797186403
-34.0000_-63.2500,0.4437874560375147
-34.0000_-63.5000,0.4547287221570926
-34.0000_-63.7500,0.4387434935521688
-34.0000_-64.0000,0.4425103165298945
-34.0000_-64.2500,0.44515697538100824
-34.0000_-64.5000,0.48506354044548655
-34.0000_-64.7500,0.4774732708089097
-34.0000_-65.0000,0.4410135990621336
-34.0000_-65.2500,0.42048089097303637
-34.0000_-65.5000,0.38695849941383353
-34.0000_-65.7500,0.35012766705744436
-34.0000_-66.0000,0.3494901524032825
-34.0000_-66.2500,0.36402602579132476
-34.0000_-66.5000,0.3724464243845252
-34.0000_-66.7500,0.3574202813599062
-34.0000_-67.0000,0.30313106682297775
-34.0000_-67.2500,0.2817249706916764
-34.0000_-67.5000,0.2279762016412661
-34.0000_-67.7500,0.2839001172332942
-34.0000_-68.0000,0.2722147713950762
-34.2500_-56.0000,0.6335970691676436
-34.2500_-56.2500,0.5967152403282533
-34.2500_-56.5000,0.5976431418522861
-34.2500_-56.7500,0.5960071512309496
-34.2500_-57.0000,0.6104924970691676
-34.2500_-57.2500,0.6274934349355217
-34.2500_-57.5000,0.6156189917936694
-34.2500_-57.7500,0.618342672919109
-34.2500_-58.0000,0.5807486518171161
-34.2500_-58.5000,0.7329230949589683
-34.2500_-58.7500,0.6250767878077375
-34.2500_-59.0000,0.5521212192262602
-34.2500_-59.2500,0.5434354044548652
-34.2500_-59.5000,0.5454276670574443
-34.2500_-59.7500,0.5296429073856976
-34.2500_-60.0000,0.5018534583821805
-34.2500_-60.2500,0.5055830011723329
-34.2500_-60.5000,0.5064516998827667
-34.2500_-60.7500,0.4909933177022274
-34.2500_-61.0000,0.45911758499413835
-34.2500_-61.2500,0.48082579132473624
-34.2500_-61.5000,0.4258205158264947
-34.2500_-61.7500,0.4544113716295428
-34.2500_-62.0000,0.4454922626025792
-34.2500_-62.2500,0.46545474794841735
-34.2500_-62.5000,0.46890597889800706
-34.2500_-62.7500,0.44103364595545136
-34.2500_-63.0000,0.4600032825322392
-34.2500_-63.2500,0.4476660023446659
-34.2500_-63.5000,0.4482661195779602
-34.2500_-63.7500,0.4273987104337632
-34.2500_-64.0000,0.45145310668229777
-34.2500_-64.2500,0.4931915592028136
-34.2500_-64.5000,0.43749249706916765
-34.2500_-64.7500,0.41285509964830014
-34.2500_-65.0000,0.41069648300117234
-34.2500_-65.2500,0.4183343493552169
-34.2500_-65.5000,0.3472139507620164
-34.2500_-65.7500,0.35700961313012897
-34.2500_-66.0000,0.3198660023446659
-34.2500_-66.2500,0.33840996483001173
-34.2500_-66.5000,0.35099531066822975
-34.2500_-66.7500,0.3364691676436108
-34.2500_-67.0000,0.299027080890973
-34.2500_-67.2500,0.2825137162954279
-34.2500_-67.5000,0.2807443141852286
-34.2500_-67.7500,0.266289917936694
-34.2500_-68.0000,0.2799342321219226
-34.5000_-56.0000,0.6074682297772567
-34.5000_-56.2500,0.6032406799531067
-34.5000_-56.5000,0.608768347010551
-34.5000_-56.7500,0.5868249706916765
-34.5000_-57.0000,0.6256423212192262
-34.5000_-58.7500,0.38333177022274323
-34.5000_-59.0000,0.5510572098475968
-34.5000_-59.2500,0.5548601406799532
-34.5000_-59.5000,0.5386637749120751
-34.5000_-59.7500,0.5292785463071512
-34.5000_-60.0000,0.5200117233294256
-34.5000_-60.2500,0.47747385697538103
-34.5000_-60.5000,0.4953851113716296
-34.5000_-60.7500,0.49159097303634236
-34.5000_-61.0000,0.46768194607268465
-34.5000_-61.2500,0.49864888628370463
-34.5000_-61.5000,0.4858950762016413
-34.5000_-61.7500,0.5157126611957796
-34.5000_-62.0000,0.48317385697538107
-34.5000_-62.2500,0.458337631887456
-34.5000_-62.5000,0.4938275498241501
-34.5000_-62.7500,0.4716574443141852
-34.5000_-63.0000,0.478456389214537
-34.5000_-63.2500,0.4541685814771395
-34.5000_-63.5000,0.4632835873388042
-34.5000_-63.7500,0.4149019929660024
-34.5000_-64.0000,0.4740324736225088
-34.5000_-64.2500,0.4354759671746776
-34.5000_-64.5000,0.42522391559202816
-34.5000_-64.7500,0.40842086752637746
-34.5000_-65.0000,0.39382403282532236
-34.5000_-65.2500,0.3836649472450176
-34.5000_-65.5000,0.3603150058616647
-34.5000_-65.7500,0.31975181711606093
-34.5000_-66.0000,0.30140386869871044
-34.5000_-66.2500,0.32268991793669405
-34.5000_-66.5000,0.34565849941383353
-34.5000_-66.7500,0.3171855803048066
-34.5000_-67.0000,0.3641431418522861
-34.5000_-67.2500,0.2881368112543962
-34.5000_-67.5000,0.3186638921453693
-34.5000_-67.7500,0.2979878077373974
-34.5000_-68.0000,0.29084759671746774
-34.7500_-56.0000,0.5651665885111372
-34.7500_-56.2500,0.49499308323563895
-34.7500_-56.5000,0.565169753810082
-34.7500_-58.5000,0.3148153575615475
-34.7500_-58.7500,0.5382752637749121
-34.7500_-59.0000,0.5490237983587339
-34.7500_-59.2500,0.5673093786635405
-34.7500_-59.5000,0.5394985932004689
-34.7500_-59.7500,0.5283351699882767
-34.7500_-60.0000,0.5218946072684643
-34.7500_-60.2500,0.5111559202813599
-34.7500_-60.5000,0.4875046893317702
-34.7500_-60.7500,0.46959132473622506
-34.7500_-61.0000,0.5040777256740915
-34.7500_-61.2500,0.47545474794841736
-34.7500_-61.5000,0.5302728018757327
-34.7500_-61.7500,0.5036024618991793
-34.7500_-62.0000,0.4894589683470106
-34.7500_-62.2500,0.35182321219226265
-34.7500_-62.5000,0.45315885111371634
-34.7500_-62.7500,0.4334602579132474
-34.7500_-63.0000,0.4778690504103165
-34.7500_-63.2500,0.4669135990621337
-34.7500_-63.5000,0.5031840562719813
-34.7500_-63.7500,0.4519491207502931
-34.7500_-64.0000,0.4208854630715123
-34.7500_-64.2500,0.4532736225087925
-34.7500_-64.5000,0.42119167643610783
-34.7500_-64.7500,0.3980662368112544
-34.7500_-65.0000,0.4131005861664713
-34.7500_-65.2500,0.38344407971864014
-34.7500_-65.5000,0.3937348182883939
-34.7500_-65.7500,0.35099062133645953
-34.7500_-66.0000,0.30294220398593197
-34.7500_-66.2500,0.32999742086752637
-34.7500_-66.5000,0.39184583821805397
-34.7500_-66.7500,0.3762961313012895
-34.7500_-67.0000,0.3501847596717468
-34.7500_-67.2500,0.2909271981242673
-34.7500_-67.5000,0.3077645955451348
-34.7500_-67.7500,0.40868499413833526
-34.7500_-68.0000,0.37217584994138336
-35.0000_-57.7500,0.5548135990621337
-35.0000_-58.0000,0.5001392731535756
-35.0000_-58.2500,0.5839162954279016
-35.0000_-58.5000,0.5409895662368113
-35.0000_-58.7500,0.5815452520515827
-35.0000_-59.0000,0.5670546307151231
-35.0000_-59.2500,0.5290318874560376
-35.0000_-59.5000,0.5366731535756155
-35.0000_-59.7500,0.5208213364595545
-35.0000_-60.0000,0.5164772567409145
-35.0000_-60.2500,0.503730715123095
-35.0000_-60.5000,0.5243504103165298
-35.0000_-60.7500,0.5181384525205158
-35.0000_-61.0000,0.49741840562719813
-35.0000_-61.2500,0.47479753810082065
-35.0000_-61.5000,0.49842438452520516
-35.0000_-61.7500,0.4816992966002345
-35.0000_-62.0000,0.5133547479484174
-35.0000_-62.2500,0.47053048065650643
-35.0000_-62.5000,0.4983345838218054
-35.0000_-62.7500,0.47358839390386875
-35.0000_-63.0000,0.48075087924970694
-35.0000_-63.2500,0.4515273153575616
-35.0000_-63.5000,0.46688968347010557
-35.0000_-63.7500,0.435168815943728
-35.0000_-64.0000,0.4543794841735053
-35.0000_-64.2500,0.41424900351699884
-35.0000_-64.5000,0.42903610785463075
-35.0000_-64.7500,0.4070199296600234
-35.0000_-65.0000,0.4838520515826495
-35.0000_-65.2500,0.4443828839390387
-35.0000_-65.5000,0.43286400937866354
-35.0000_-65.7500,0.37862907385697536
-35.0000_-66.0000,0.34615087924970694
-35.0000_-66.2500,0.32840152403282535
-35.0000_-66.5000,0.356421570926143
-35.0000_-66.7500,0.39611125439624856
-35.0000_-67.0000,0.3693882766705744
-35.0000_-67.2500,0.397104103165299
-35.0000_-67.5000,0.396789917936694
-35.0000_-67.7500,0.33010422039859316
-35.0000_-68.0000,0.2797358733880422
-35.2500_-57.2500,0.46016412661195777
-35.2500_-57.5000,0.5551201641266119
-35.2500_-57.7500,0.5683793669402111
-35.2500_-58.0000,0.5823182883939039
-35.2500_-58.2500,0.5875064478311841
-35.2500_-58.5000,0.5696757327080891
-35.2500_-58.7500,0.5810216881594373
-35.2500_-59.0000,0.5618720984759672
-35.2500_-59.2500,0.4986668229777257
-35.2500_-59.5000,0.5376525205158266
-35.2500_-59.7500,0.5193525205158265
-35.2500_-60.0000,0.5021669402110199
-35.2500_-60.2500,0.5283547479484173
-35.2500_-60.5000,0.48407796014067994
-35.2500_-60.7500,0.48794267291910903
-35.2500_-61.0000,0.49043552168815946
-35.2500_-61.2500,0.4769695193434936
-35.2500_-61.5000,0.5078287221570926
-35.2500_-61.7500,0.4860920281359906
-35.2500_-62.0000,0.49366740914419693
-35.2500_-62.2500,0.47651652989449
-35.2500_-62.5000,0.47028171160609616
-35.2500_-62.7500,0.4692291910902696
-35.2500_-63.0000,0.5160103165298945
-35.2500_-63.2500,0.4357226260257913
-35.2500_-63.5000,0.47178569753810085
-35.2500_-63.7500,0.4647106682297773
-35.2500_-64.0000,0.4390528722157093
-35.2500_-64.2500,0.4237460726846424
-35.2500_-64.5000,0.4499934349355217
-35.2500_-64.7500,0.5041865181711606
-35.2500_-65.0000,0.579394958968347
-35.2500_-65.2500,0.5491629542790153
-35.2500_-65.5000,0.4473063305978898
-35.2500_-65.7500,0.4273704572098476
-35.2500_-66.0000,0.3709085580304807
-35.2500_-66.2500,0.32577069167643613
-35.2500_-66.5000,0.40509050410316527
-35.2500_-66.7500,0.3753907385697538
-35.2500_-67.0000,0.3629096131301289
-35.2500_-67.2500,0.3739274325908558
-35.2500_-67.5000,0.38102626025791325
-35.2500_-67.7500,0.29416611957796013
-35.2500_-68.0000,0.2711182883939039
-35.5000_-57.2500,0.565584407971864
-35.5000_-57.5000,0.5884845252051583
-35.5000_-57.7500,0.597937162954279
-35.5000_-58.0000,0.5928209847596718
-35.5000_-58.2500,0.5888189917936695
-35.5000_-58.5000,0.5863236811254396
-35.5000_-58.7500,0.5574255568581478
-35.5000_-59.0000,0.5365219226260258
-35.5000_-59.2500,0.5464162954279015
-35.5000_-59.5000,0.5377754982415006
-35.5000_-59.7500,0.5034508792497069
-35.5000_-60.0000,0.5665070339976553
-35.5000_-60.2500,0.5608445486518171
-35.5000_-60.5000,0.5585471277842907
-35.5000_-60.7500,0.5460254396248535
-35.5000_-61.0000,0.5224620164126612
-35.5000_-61.2500,0.4146651817116061
-35.5000_-61.5000,0.4856754982415006
-35.5000_-61.7500,0.42934689331770226
-35.5000_-62.0000,0.47658862837045723
-35.5000_-62.2500,0.518557796014068
-35.5000_-62.5000,0.4693951934349356
-35.5000_-62.7500,0.4820432590855803
-35.5000_-63.0000,0.4349195779601407
-35.5000_-63.2500,0.48954290738569756
-35.5000_-63.5000,0.46433786635404456
-35.5000_-63.7500,0.4910187573270809
-35.5000_-64.0000,0.42769730363423214
-35.5000_-64.2500,0.43216107854630714
-35.5000_-64.5000,0.42586131301289565
-35.5000_-64.7500,0.4270796014067995
-35.5000_-65.0000,0.4200792497069168
-35.5000_-65.2500,0.5127497069167644
-35.5000_-65.5000,0.510279366940211
-35.5000_-65.7500,0.38391570926143026
-35.5000_-66.0000,0.36073130128956626
-35.5000_-66.2500,0.34771899179366944
-35.5000_-66.5000,0.4048451348182884
-35.5000_-66.7500,0.2922409144196952
-35.5000_-67.0000,0.3054405627198124
-35.5000_-67.2500,0.3035672919109027
-35.5000_-67.5000,0.3592012895662368
-35.5000_-67.7500,0.3164831184056272
-35.5000_-68.0000,0.28235967174677606
-35.7500_-57.5000,0.6256443141852287
-35.7500_-57.7500,0.6068424384525206
-35.7500_-58.0000,0.5216109026963658
-35.7500_-58.2500,0.5778928487690504
-35.7500_-58.5000,0.5894696365767879
-35.7500_-58.7500,0.5263713950762017
-35.7500_-59.0000,0.566766471277843
-35.7500_-59.2500,0.5571928487690504
-35.7500_-59.5000,0.5554708089097303
-35.7500_-59.7500,0.573541735052755
-35.7500_-60.0000,0.541050879249707
-35.7500_-60.2500,0.5618566236811254
-35.7500_-60.5000,0.5419990621336459
-35.7500_-60.7500,0.5119556858147714
-35.7500_-61.0000,0.5178648300117233
-35.7500_-61.2500,0.5084826494724501
-35.7500_-61.5000,0.4731506447831184
-35.7500_-61.7500,0.4740459554513482
-35.7500_-62.0000,0.4486515826494724
-35.7500_-62.2500,0.46083059788980074
-35.7500_-62.5000,0.39947760844079716
-35.7500_-62.7500,0.3832216881594373
-35.7500_-63.0000,0.4315987104337632
-35.7500_-63.2500,0.41161101992966004
-35.7500_-63.5000,0.486309144196952
-35.7500_-63.7500,0.43043692848769055
-35.7500_-64.0000,0.4389384525205159
-35.7500_-64.2500,0.4482712778429074
-35.7500_-64.5000,0.49990926143024617
-35.7500_-64.7500,0.5321534583821805
-35.7500_-65.0000,0.45988264947245017
-35.7500_-65.2500,0.5076194607268465
-35.7500_-65.5000,0.4886535756154748
-35.7500_-65.7500,0.4733548651817116
-35.7500_-66.0000,0.3756937866354044
-35.7500_-66.2500,0.34318440797186406
-35.7500_-66.5000,0.3507655334114889
-35.7500_-66.7500,0.286047245017585
-35.7500_-67.0000,0.29158511137162957
-35.7500_-67.2500,0.40191735052754984
-35.7500_-67.5000,0.3210128956623681
-35.7500_-67.7500,0.22613974208675264
-35.7500_-68.0000,0.23185509964830012
-36.0000_-57.5000,0.633534818288394
-36.0000_-57.7500,0.6116691676436109
-36.0000_-58.0000,0.5870044548651817
-36.0000_-58.2500,0.5035882766705745
-36.0000_-58.5000,0.6004059788980071
-36.0000_-58.7500,0.5912071512309496
-36.0000_-59.0000,0.5895352872215709
-36.0000_-59.2500,0.5895289566236811
-36.0000_-59.5000,0.5717708089097304
-36.0000_-59.7500,0.5841159437280188
-36.0000_-60.0000,0.5452310668229777
-36.0000_-60.2500,0.5561797186400939
-36.0000_-60.5000,0.5418159437280188
-36.0000_-60.7500,0.5229282532239156
-36.0000_-61.0000,0.593829308323564
-36.0000_-61.2500,0.5210493552168816
-36.0000_-61.5000,0.4752558030480657
-36.0000_-61.7500,0.4862249706916765
-36.0000_-62.0000,0.5194749120750293
-36.0000_-62.2500,0.4749638921453693
-36.0000_-62.5000,-0.021047596717467764
-36.0000_-62.7500,0.44396119577960136
-36.0000_-63.0000,0.43156225087924976
-36.0000_-63.2500,0.4435083235638922
-36.0000_-63.5000,0.45914759671746774
-36.0000_-63.7500,0.44882661195779605
-36.0000_-64.0000,0.45422907385697536
-36.0000_-64.2500,0.4185029308323564
-36.0000_-64.5000,0.4420364595545135
-36.0000_-64.7500,0.5798447831184057
-36.0000_-65.0000,0.5332595545134818
-36.0000_-65.2500,0.573879366940211
-36.0000_-65.5000,0.4151063305978898
-36.0000_-65.7500,0.4537084407971864
-36.0000_-66.0000,0.445273856975381
-36.0000_-66.2500,0.3221984759671747
-36.0000_-66.5000,0.3292358733880422
-36.0000_-66.7500,0.31625416178194604
-36.0000_-67.0000,0.32212696365767873
-36.0000_-67.2500,0.31814689331770224
-36.0000_-67.5000,0.2381461899179367
-36.0000_-67.7500,0.22096447831184055
-36.0000_-68.0000,0.21672883939038687
-36.2500_-57.2500,0.5371179366940211
-36.2500_-57.5000,0.6401731535756156
-36.2500_-57.7500,0.5790011723329426
-36.2500_-58.0000,0.5502092614302462
-36.2500_-58.2500,0.6082249706916765
-36.2500_-58.5000,0.6240291910902697
-36.2500_-58.7500,0.6020018757327081
-36.2500_-59.0000,0.5866310668229777
-36.2500_-59.2500,0.5798908558030481
-36.2500_-59.5000,0.5844611957796014
-36.2500_-59.7500,0.5839872215709261
-36.2500_-60.0000,0.5700228604923798
-36.2500_-60.2500,0.56423856975381
-36.2500_-60.5000,0.5547821805392732
-36.2500_-60.7500,0.5223445486518171
-36.2500_-61.0000,0.5240293083235639
-36.2500_-61.2500,0.528146307151231
-36.2500_-61.5000,0.4810289566236811
-36.2500_-61.7500,0.5044621336459555
-36.2500_-62.0000,0.4988411488862837
-36.2500_-62.2500,0.48809273153575616
-36.2500_-62.5000,0.4973468933177022
-36.2500_-62.7500,0.45988933177022273
-36.2500_-63.0000,0.43731336459554515
-36.2500_-63.2500,0.4431763188745604
-36.2500_-63.5000,0.45816143024618994
-36.2500_-63.7500,0.415336225087925
-36.2500_-64.0000,0.4427642438452521
-36.2500_-64.2500,0.43736553341148887
-36.2500_-64.5000,0.3928071512309496
-36.2500_-64.7500,0.4949451348182884
-36.2500_-65.0000,0.5648010550996483
-36.2500_-65.2500,0.4382847596717468
-36.2500_-65.5000,0.3665327080890973
-36.2500_-65.7500,0.4528672919109027
-36.2500_-66.0000,0.39213212192262603
-36.2500_-66.2500,0.3465746776084408
-36.2500_-66.5000,0.32379484173505274
-36.2500_-66.7500,0.3290917936694021
-36.2500_-67.0000,0.3985749120750293
-36.2500_-67.2500,0.2512275498241501
-36.2500_-67.5000,0.24774185228604925
-36.2500_-67.7500,0.18747866354044548
-36.2500_-68.0000,0.1860907385697538
-36.5000_-56.7500,0.6066429073856976
-36.5000_-57.0000,0.5523271981242673
-36.5000_-57.2500,0.6660153575615476
-36.5000_-57.5000,0.5870128956623681
-36.5000_-57.7500,0.5777296600234467
-36.5000_-58.0000,0.6089849941383353
-36.5000_-58.2500,0.6214706916764361
-36.5000_-58.5000,0.6296679953106683
-36.5000_-58.7500,0.5964696365767879
-36.5000_-59.0000,0.611145369284877
-36.5000_-59.2500,0.5768616647127784
-36.5000_-59.5000,0.6101437280187574
-36.5000_-59.7500,0.5935507620164127
-36.5000_-60.0000,0.5824416178194607
-36.5000_-60.2500,0.5946786635404455
-36.5000_-60.5000,0.5665541617819461
-36.5000_-60.7500,0.5578443141852286
-36.5000_-61.0000,0.5400860492379835
-36.5000_-61.2500,0.5212983587338804
-36.5000_-61.5000,0.5079373974208675
-36.5000_-61.7500,0.4962327080890973
-36.5000_-62.0000,0.46882860492379835
-36.5000_-62.2500,0.4630497069167644
-36.5000_-62.5000,0.4565946072684643
-36.5000_-62.7500,0.4459757327080891
-36.5000_-63.0000,0.45359378663540445
-36.5000_-63.2500,0.41971336459554515
-36.5000_-63.5000,0.45272497069167644
-36.5000_-63.7500,0.4357039859320047
-36.5000_-64.0000,0.4531796014067995
-36.5000_-64.2500,0.3998535756154748
-36.5000_-64.5000,0.4978797186400938
-36.5000_-64.7500,0.44981688159437283
-36.5000_-65.0000,0.4601195779601407
-36.5000_-65.2500,0.5299291910902697
-36.5000_-65.5000,0.42337502930832355
-36.5000_-65.7500,0.39707538100820633
-36.5000_-66.0000,0.46882450175849943
-36.5000_-66.2500,0.41723950762016415
-36.5000_-66.5000,0.3253773739742087
-36.5000_-66.7500,0.32684783118405625
-36.5000_-67.0000,0.30732602579132473
-36.5000_-67.2500,0.25960480656506446
-36.5000_-67.5000,0.22806037514654162
-36.5000_-67.7500,0.2253583821805393
-36.5000_-68.0000,0.19600996483001173
-36.7500_-56.7500,0.6023604923798358
-36.7500_-57.0000,0.592641266119578
-36.7500_-57.2500,0.6306264947245017
-36.7500_-57.5000,0.5884781946072685
-36.7500_-57.7500,0.5712003516998828
-36.7500_-58.0000,0.6080663540445487
-36.7500_-58.2500,0.6285548651817117
-36.7500_-58.5000,0.6512717467760845
-36.7500_-58.7500,0.6213175849941384
-36.7500_-59.0000,0.613421570926143
-36.7500_-59.2500,0.5842717467760844
-36.7500_-59.5000,0.6033432590855803
-36.7500_-59.7500,0.6149661195779601
-36.7500_-60.0000,0.6034262602579133
-36.7500_-60.2500,0.5875694021101994
-36.7500_-60.5000,0.5435629542790152
-36.7500_-60.7500,0.5717695193434935
-36.7500_-61.0000,0.5545908558030481
-36.7500_-61.2500,0.5424695193434935
-36.7500_-61.5000,0.502009144196952
-36.7500_-61.7500,0.5061331770222743
-36.7500_-62.0000,0.4916382180539274
-36.7500_-62.2500,0.46614630715123095
-36.7500_-62.5000,0.4557393903868699
-36.7500_-62.7500,0.45090832356389215
-36.7500_-63.0000,0.43083352872215713
-36.7500_-63.2500,0.458605041031653
-36.7500_-63.5000,0.4464804220398593
-36.7500_-63.7500,0.40515052754982417
-36.7500_-64.0000,0.42743012895662363
-36.7500_-64.2500,0.4234828839390387
-36.7500_-64.5000,0.3806781946072685
-36.7500_-64.7500,0.4605011723329426
-36.7500_-65.0000,0.4996302461899179
-36.7500_-65.2500,0.3262786635404455
-36.7500_-65.5000,0.4199404454865182
-36.7500_-65.7500,0.35274618991793666
-36.7500_-66.0000,0.3390003516998828
-36.7500_-66.2500,0.36093399765533407
-36.7500_-66.5000,0.36880246189917937
-36.7500_-66.7500,0.2899289566236811
-36.7500_-67.0000,0.2749200468933177
-36.7500_-67.2500,0.2579997655334115
-36.7500_-67.5000,0.2595121922626026
-36.7500_-67.7500,0.24018475967174677
-36.7500_-68.0000,0.1862377491207503
-37.0000_-57.0000,0.6096372801875733
-37.0000_-57.2500,0.5766320046893318
-37.0000_-57.5000,0.5776279015240329
-37.0000_-57.7500,0.6450423212192262
-37.0000_-58.0000,0.6147158264947246
-37.0000_-58.2500,0.6218515826494724
-37.0000_-58.5000,0.5962796014067996
-37.0000_-58.7500,0.6133250879249706
-37.0000_-59.0000,0.6033740914419695
-37.0000_-59.2500,0.5493697538100821
-37.0000_-59.5000,0.5265981242672919
-37.0000_-59.7500,0.5355229777256741
-37.0000_-60.0000,0.5552113716295428
-37.0000_-60.2500,0.5041036342321219
-37.0000_-60.5000,0.602919226260258
-37.0000_-60.7500,0.5482902696365768
-37.0000_-61.0000,0.536015123094959
-37.0000_-61.2500,0.5567304806565064
-37.0000_-61.5000,0.5451744431418524
-37.0000_-61.7500,0.5257173505275499
-37.0000_-62.0000,0.5082929660023447
-37.0000_-62.2500,0.48276893317702224
-37.0000_-62.5000,0.25184396248534585
-37.0000_-62.7500,0.48695228604923796
-37.0000_-63.0000,0.4607812426729191
-37.0000_-63.2500,0.48725216881594374
-37.0000_-63.5000,0.43043188745603755
-37.0000_-63.7500,0.3927957796014068
-37.0000_-64.0000,0.42199402110199297
-37.0000_-64.2500,0.38461254396248534
-37.0000_-64.5000,0.40973939038686985
-37.0000_-64.7500,0.40437842907385696
-37.0000_-65.0000,0.46800363423212193
-37.0000_-65.2500,0.42366670574443144
-37.0000_-65.5000,0.33021723329425556
-37.0000_-65.7500,0.3451610785463071
-37.0000_-66.0000,0.33824771395076203
-37.0000_-66.2500,0.34740457209847597
-37.0000_-66.5000,0.34648944900351697
-37.0000_-66.7500,0.29607667057444315
-37.0000_-67.0000,0.2716647127784291
-37.0000_-67.2500,0.26212497069167645
-37.0000_-67.5000,0.28001488862837043
-37.0000_-67.7500,0.221815123094959
-37.0000_-68.0000,0.2289232121922626
-37.2500_-57.0000,0.5923195779601407
-37.2500_-57.2500,0.5841662368112545
-37.2500_-57.5000,0.5982898007033998
-37.2500_-57.7500,0.6362667057444314
-37.2500_-58.0000,0.6197070339976554
-37.2500_-58.2500,0.6185648300117234
-37.2500_-58.5000,0.6191515826494725
-37.2500_-58.7500,0.613346307151231
-37.2500_-59.0000,0.5626009378663541
-37.2500_-59.2500,0.5504594372801875
-37.2500_-59.5000,0.5271019929660024
-37.2500_-59.7500,0.5063284876905041
-37.2500_-60.0000,0.5287446658851114
-37.2500_-60.2500,0.5881515826494724
-37.2500_-60.5000,0.5881898007033998
-37.2500_-60.7500,0.5908329425556859
-37.2500_-61.0000,0.5695803048065651
-37.2500_-61.2500,0.5450705744431419
-37.2500_-61.5000,0.538704572098476
-37.2500_-61.7500,0.5409446658851114
-37.2500_-62.0000,0.48957749120750294
-37.2500_-62.2500,0.48644994138335285
-37.2500_-62.5000,0.4457803048065651
-37.2500_-62.7500,0.4541099648300117
-37.2500_-63.0000,0.39573048065650646
-37.2500_-63.2500,0.42857901524032826
-37.2500_-63.5000,0.41381219226260263
-37.2500_-63.7500,0.43184032825322394
-37.2500_-64.0000,0.4723487690504103
-37.2500_-64.2500,0.3895487690504103
-37.2500_-64.5000,0.44119718640093786
-37.2500_-64.7500,0.39516776084407973
-37.2500_-65.0000,0.42236705744431424
-37.2500_-65.2500,0.44222731535756155
-37.2500_-65.5000,0.4283778429073857
-37.2500_-65.7500,0.3637913247362251
-37.2500_-66.0000,0.3780140679953107
-37.2500_-66.2500,0.3814073856975381
-37.2500_-66.5000,0.35747057444314184
-37.2500_-66.7500,0.3019514654161782
-37.2500_-67.0000,0.2691864009378664
-37.2500_-67.2500,0.22493177022274327
-37.2500_-67.5000,0.26449554513481827
-37.2500_-67.7500,0.220184407971864
-37.2500_-68.0000,0.21606682297772567
-37.5000_-57.2500,0.6054663540445486
-37.5000_-57.5000,0.6150958968347011
-37.5000_-57.7500,0.6569834701055101
-37.5000_-58.0000,0.6141440797186402
-37.5000_-58.2500,0.6311050410316531
-37.5000_-58.5000,0.6182053927315357
-37.5000_-58.7500,0.5860099648300118
-37.5000_-59.0000,0.5618927315357561
-37.5000_-59.2500,0.513327080890973
-37.5000_-59.5000,0.5963909730363424
-37.5000_-59.7500,0.5751010550996484
-37.5000_-60.0000,0.5942069167643611
-37.5000_-60.2500,0.522571512309496
-37.5000_-60.5000,0.5597562719812427
-37.5000_-60.7500,0.5262903868698711
-37.5000_-61.0000,0.5452964830011723
-37.5000_-61.2500,0.5506711606096132
-37.5000_-61.5000,0.5787124267291911
-37.5000_-61.7500,0.5202723329425557
-37.5000_-62.0000,0.4873022274325909
-37.5000_-62.2500,0.45811629542790155
-37.5000_-62.5000,0.4362332942555686
-37.5000_-62.7500,0.44109296600234466
-37.5000_-63.0000,0.400921101992966
-37.5000_-63.2500,0.3776604923798359
-37.5000_-63.5000,0.39479167643610785
-37.5000_-63.7500,0.4155010550996483
-37.5000_-64.0000,0.43740082063305974
-37.5000_-64.2500,0.39249917936694023
-37.5000_-64.5000,0.4334800703399766
-37.5000_-64.7500,0.42776811254396246
-37.5000_-65.0000,0.4096866354044548
-37.5000_-65.2500,0.44003751465416174
-37.5000_-65.5000,0.4092207502930832
-37.5000_-65.7500,0.3906963657678781
-37.5000_-66.0000,0.35737350527549827
-37.5000_-66.2500,0.38366002344665884
-37.5000_-66.5000,0.3446760844079718
-37.5000_-66.7500,0.2508701055099648
-37.5000_-67.0000,0.14042415005861666
-37.5000_-67.2500,0.26002391559202814
-37.5000_-67.5000,0.15671899179366938
-37.5000_-67.7500,0.2293983587338804
-37.5000_-68.0000,0.22687092614302462
-37.7500_-57.5000,0.6063485345838219
-37.7500_-57.7500,0.6323219226260259
-37.7500_-58.0000,0.5767697538100821
-37.7500_-58.2500,0.5685868698710435
-37.7500_-58.5000,0.5731717467760844
-37.7500_-58.7500,0.5736950762016413
-37.7500_-59.0000,0.534969753810082
-37.7500_-59.2500,0.49764161781946076
-37.7500_-59.5000,0.5823416178194608
-37.7500_-59.7500,0.5490913247362251
-37.7500_-60.0000,0.5435171160609613
-37.7500_-60.2500,0.5228550996483001
-37.7500_-60.5000,0.5390978898007034
-37.7500_-60.7500,0.5546498241500586
-37.7500_-61.0000,0.5624058616647128
-37.7500_-61.2500,0.5305103165298946
-37.7500_-61.5000,0.5116787807737397
-37.7500_-61.7500,0.5075754982415006
-37.7500_-62.0000,0.4561296600234466
-37.7500_-62.2500,0.45457186400937866
-37.7500_-62.5000,0.4468314185228605
-37.7500_-62.7500,0.4235271981242673
-37.7500_-63.0000,0.4304126611957796
-37.7500_-63.2500,0.3980702227432591
-37.7500_-63.5000,0.44116096131301286
-37.7500_-63.7500,0.5174858147713951
-37.7500_-64.0000,0.45252895662368114
-37.7500_-64.2500,0.4813438452520516
-37.7500_-64.5000,0.4458075029308323
-37.7500_-64.7500,0.4580697538100821
-37.7500_-65.0000,0.41296987104337635
-37.7500_-65.2500,0.4239808909730364
-37.7500_-65.5000,0.398931184056272
-37.7500_-65.7500,0.3877022274325908
-37.7500_-66.0000,0.3097606096131301
-37.7500_-66.2500,0.3160947245017585
-37.7500_-66.5000,0.2962509964830012
-37.7500_-66.7500,0.24096318874560374
-37.7500_-67.0000,0.22387784290738572
-37.7500_-67.2500,0.2603550996483001
-37.7500_-67.5000,0.25087315357561546
-37.7500_-67.7500,0.25912626025791324
-37.7500_-68.0000,0.21610914419695196
-38.0000_-57.7500,0.6001661195779602
-38.0000_-58.0000,0.5266574443141853
-38.0000_-58.2500,0.5906616647127785
-38.0000_-58.5000,0.5269694021101993
-38.0000_-58.7500,0.5316079718640094
-38.0000_-59.0000,0.5530205158264948
-38.0000_-59.2500,0.48138569753810084
-38.0000_-59.5000,0.5076279015240328
-38.0000_-59.7500,0.496505041031653
-38.0000_-60.0000,0.47854771395076207
-38.0000_-60.2500,0.5668840562719812
-38.0000_-60.5000,0.491041735052755
-38.0000_-60.7500,0.5376109026963658
-38.0000_-61.0000,0.5359606096131301
-38.0000_-61.2500,0.512459202813599
-38.0000_-61.5000,0.49419460726846426
-38.0000_-61.7500,0.4562636576787808
-38.0000_-62.0000,0.48530480656506453
-38.0000_-62.2500,0.42091313012895665
-38.0000_-62.5000,0.47400855803048064
-38.0000_-62.7500,0.4455504103165299
-38.0000_-63.0000,0.3871662368112544
-38.0000_-63.2500,0.42871512309495896
-38.0000_-63.5000,0.4225411488862837
-38.0000_-63.7500,0.43433798358733877
-38.0000_-64.0000,0.4524172332942556
-38.0000_-64.2500,0.47504736225087923
-38.0000_-64.5000,0.4727934349355217
-38.0000_-64.7500,0.39359871043376315
-38.0000_-65.0000,0.37660855803048066
-38.0000_-65.2500,0.3644936694021102
-38.0000_-65.5000,0.38125767878077377
-38.0000_-65.7500,0.3688500586166471
-38.0000_-66.0000,0.3354111371629543
-38.0000_-66.2500,0.34181852286049236
-38.0000_-66.5000,0.28704654161781945
-38.0000_-66.7500,0.2599241500586167
-38.0000_-67.0000,0.2539579132473623
-38.0000_-67.2500,0.2428097303634232
-38.0000_-67.5000,0.2297599062133646
-38.0000_-67.7500,0.21253352872215708
-38.0000_-68.0000,0.19130644783118406
-38.2500_-58.0000,0.5292320046893318
-38.2500_-58.2500,0.582236225087925
-38.2500_-58.5000,0.5847271981242673
-38.2500_-58.7500,0.5030542790152404
-38.2500_-59.0000,0.5004133645955451
-38.2500_-59.2500,0.4804507620164127
-38.2500_-59.5000,0.5251553341148887
-38.2500_-59.7500,0.5207173505275499
-38.2500_-60.0000,0.471583939038687
-38.2500_-60.2500,0.4748767878077374
-38.2500_-60.5000,0.46519835873388043
-38.2500_-60.7500,0.45477350527549826
-38.2500_-61.0000,0.45531043376318875
-38.2500_-61.2500,0.42816893317702226
-38.2500_-61.5000,0.44655580304806564
-38.2500_-61.7500,0.44339050410316533
-38.2500_-62.0000,0.4212037514654162
-38.2500_-62.2500,0.4279009378663541
-38.2500_-62.5000,0.4395562719812427
-38.2500_-62.7500,0.41862672919109023
-38.2500_-63.0000,0.4450538100820633
-38.2500_-63.2500,0.3978722157092614
-38.2500_-63.5000,0.4312525205158265
-38.2500_-63.7500,0.28408229777256744
-38.2500_-64.0000,0.41682637749120754
-38.2500_-64.2500,0.4509315357561548
-38.2500_-64.5000,0.45455556858147717
-38.2500_-64.7500,0.41722286049237983
-38.2500_-65.0000,0.3588873388042204
-38.2500_-65.2500,0.33055592028135994
-38.2500_-65.5000,0.32920480656506446
-38.2500_-65.7500,0.3051392731535756
-38.2500_-66.0000,0.24934103165298946
-38.2500_-66.2500,0.31630164126611954
-38.2500_-66.5000,0.30269132473622506
-38.2500_-66.7500,0.2715593200468933
-38.2500_-67.0000,0.2506681125439625
-38.2500_-67.2500,0.23171207502930832
-38.2500_-67.5000,0.017281594372801874
-38.2500_-67.7500,0.19181266119577958
-38.2500_-68.0000,0.200842203985932
-38.5000_-58.7500,0.559767878077374
-38.5000_-59.0000,0.5169864009378663
-38.5000_-59.2500,0.5405762016412662
-38.5000_-59.5000,0.5513637749120751
-38.5000_-59.7500,0.5178506447831184
-38.5000_-60.0000,0.5182377491207503
-38.5000_-60.2500,0.4948887456037515
-38.5000_-60.5000,0.45429589683470106
-38.5000_-60.7500,0.47637198124267294
-38.5000_-61.0000,0.45941207502930836
-38.5000_-61.2500,0.4233164126611958
-38.5000_-61.5000,0.4405662368112544
-38.5000_-61.7500,0.41254161781946075
-38.5000_-62.0000,0.43344361078546306
-38.5000_-62.2500,0.43200269636576794
-38.5000_-62.5000,0.4161508792497069
-38.5000_-62.7500,0.39895978898007034
-38.5000_-63.0000,0.498021101992966
-38.5000_-63.2500,0.41978089097303634
-38.5000_-63.5000,0.448120164126612
-38.5000_-63.7500,0.45166330597889803
-38.5000_-64.0000,0.4469473622508793
-38.5000_-64.2500,0.36757878077373973
-38.5000_-64.5000,0.3571730363423212
-38.5000_-64.7500,0.38468757327080894
-38.5000_-65.0000,0.3775886283704572
-38.5000_-65.2500,0.3688039859320047
-38.5000_-65.5000,0.31764232121922625
-38.5000_-65.7500,0.3391153575615475
-38.5000_-66.0000,0.32585240328253223
-38.5000_-66.2500,0.29683892145369284
-38.5000_-66.5000,0.28422485345838217
-38.5000_-66.7500,0.2932480656506448
-38.5000_-67.0000,0.2476474794841735
-38.5000_-67.2500,0.21428053927315355
-38.5000_-67.5000,0.1946757327080891
-38.5000_-67.7500,0.20719191090269637
-38.5000_-68.0000,0.19585099648300117
-38.7500_-59.7500,0.5520262602579132
-38.7500_-60.0000,0.6006566236811254
-38.7500_-60.2500,0.4793525205158265
-38.7500_-60.5000,0.4417855803048066
-38.7500_-60.7500,0.3993763188745604
-38.7500_-61.0000,0.45075029308323566
-38.7500_-61.2500,0.4287817116060962
-38.7500_-61.5000,0.43043528722157093
-38.7500_-61.7500,0.4148600234466589
-38.7500_-62.0000,0.36073294255568583
-38.7500_-62.2500,0.32737174677608444
-38.7500_-62.5000,0.26470797186400935
-38.7500_-62.7500,0.3730711606096131
-38.7500_-63.0000,0.13439554513481827
-38.7500_-63.2500,0.3974127784290739
-38.7500_-63.5000,0.3991451348182884
-38.7500_-63.7500,0.40116916764361077
-38.7500_-64.0000,0.3543405627198124
-38.7500_-64.2500,0.3746014067995311
-38.7500_-64.5000,0.35262274325908555
-38.7500_-64.7500,0.411447713950762
-38.7500_-65.0000,0.3480125439624853
-38.7500_-65.2500,0.3135232121922626
-38.7500_-65.5000,0.31936037514654164
-38.7500_-65.7500,0.29982754982415005
-38.7500_-66.0000,0.3698757327080891
-38.7500_-66.2500,0.3154599062133646
-38.7500_-66.5000,0.2610310668229777
-38.7500_-66.7500,0.2375939038686987
-38.7500_-67.0000,0.21241570926143025
-38.7500_-67.2500,0.2024799531066823
-38.7500_-67.5000,0.2048978898007034
-38.7500_-67.7500,0.17651582649472453
-38.7500_-68.0000,0.1611493552168816
-39.0000_-61.5000,0.3885807737397421
-39.0000_-62.5000,0.3895909730363423
-39.0000_-62.7500,0.3883992966002345
-39.0000_-63.0000,0.3685890973036342
-39.0000_-63.2500,0.34301172332942553
-39.0000_-63.5000,0.36315662368112545
-39.0000_-63.7500,0.35970961313012895
-39.0000_-64.0000,0.4307423212192263
-39.0000_-64.2500,0.3568529894490035
-39.0000_-64.5000,0.34930433763188745
-39.0000_-64.7500,0.3292913247362251
-39.0000_-65.0000,0.3117907385697538
-39.0000_-65.2500,0.2916994138335287
-39.0000_-65.5000,0.2696487690504103
-39.0000_-65.7500,0.27384970691676436
-39.0000_-66.0000,0.23352696365767878
-39.0000_-66.2500,0.24247538100820634
-39.0000_-66.5000,0.2067485345838218
-39.0000_-66.7500,0.20849144196951933
-39.0000_-67.0000,0.18904443141852284
-39.0000_-67.2500,0.2109223915592028
-39.0000_-67.5000,0.20333130128956622
-39.0000_-67.7500,0.3348288393903868
-39.0000_-68.0000,0.40033903868698706
-39.2500_-62.5000,0.4391229777256741
-39.2500_-62.7500,0.45609613130128956
-39.2500_-63.0000,0.38490410316529894
-39.2500_-63.2500,0.4243830011723329
-39.2500_-63.5000,0.4023287221570926
-39.2500_-63.7500,0.348557796014068
-39.2500_-64.0000,0.3752596717467761
-39.2500_-64.2500,0.3476593200468933
-39.2500_-64.5000,0.3073833528722157
-39.2500_-64.7500,0.34322133645955455
-39.2500_-65.0000,0.3041284876905041
-39.2500_-65.2500,0.2903772567409144
-39.2500_-65.5000,0.2832805392731536
-39.2500_-65.7500,0.457064712778429
-39.2500_-66.0000,0.3439912075029309
-39.2500_-66.2500,0.25199437280187575
-39.2500_-66.5000,0.2240168815943728
-39.2500_-66.7500,0.21603645955451348
-39.2500_-67.0000,0.21101770222743257
-39.2500_-67.2500,0.20600703399765533
-39.2500_-67.5000,0.20558616647127786
-39.2500_-67.7500,0.2159981242672919
-39.2500_-68.0000,0.193726143024619
-39.5000_-62.2500,0.4151181711606096
-39.5000_-62.5000,0.4612703399765533
-39.5000_-62.7500,0.4362052754982415
-39.5000_-63.0000,0.40533411488862836
-39.5000_-63.2500,0.37587772567409145
-39.5000_-63.5000,0.3291583821805393
-39.5000_-63.7500,0.35068194607268466
-39.5000_-64.0000,0.3039423212192263
-39.5000_-64.2500,0.30955779601406797
-39.5000_-64.5000,0.2767865181711606
-39.5000_-64.7500,0.29428370457209846
-39.5000_-65.0000,0.3142087924970692
-39.5000_-65.2500,0.31422543962485344
-39.5000_-65.5000,0.2988698710433763
-39.5000_-65.7500,0.2967313012895662
-39.5000_-66.0000,0.22551465416178196
-39.5000_-66.2500,0.2096327080890973
-39.5000_-66.5000,0.22108358733880423
-39.5000_-66.7500,0.20194900351699882
-39.5000_-67.0000,0.18986342321219224
-39.5000_-67.2500,0.20539941383352872
-39.5000_-67.5000,0.17929038686987103
-39.5000_-67.7500,0.19723950762016412
-39.5000_-68.0000,0.1596153575615475
-39.7500_-62.2500,0.4193331770222743
-39.7500_-62.5000,0.36534079718640095
-39.7500_-62.7500,0.41506307151230953
-39.7500_-63.0000,0.35200609613130124
-39.7500_-63.2500,0.34468956623681124
-39.7500_-63.5000,0.07920035169988277
-39.7500_-63.7500,0.3310119577960141
-39.7500_-64.0000,0.3152202813599062
-39.7500_-64.2500,0.3323676436107854
-39.7500_-64.5000,0.32649624853458387
-39.7500_-64.7500,0.34825556858147716
-39.7500_-65.0000,0.3081327080890973
-39.7500_-65.2500,0.2790430246189918
-39.7500_-65.5000,0.2553242672919109
-39.7500_-65.7500,0.22426951934349354
-39.7500_-66.0000,0.21002942555685816
-39.7500_-66.2500,0.2241242672919109
-39.7500_-66.5000,0.21118429073856976
-39.7500_-66.7500,0.2158137162954279
-39.7500_-67.0000,0.20316553341148885
-39.7500_-67.2500,0.19370199296600235
-39.7500_-67.5000,0.1842060961313013
-39.7500_-67.7500,0.18529695193434936
-39.7500_-68.0000,0.19582039859320047
-40.0000_-62.5000,0.2988089097303634
-40.0000_-62.7500,0.28453728018757324
-40.0000_-63.0000,0.32568546307151236
-40.0000_-63.2500,0.34040480656506444
-40.0000_-63.5000,0.2977060961313013
-40.0000_-63.7500,0.27865181711606096
-40.0000_-64.0000,0.3027991793669402
-40.0000_-64.2500,0.2689888628370457
-40.0000_-64.5000,0.2909504103165299
-40.0000_-64.7500,0.32958429073856976
-40.0000_-65.0000,0.24807186400937867
-40.0000_-65.2500,0.2371611957796014
-40.0000_-65.5000,0.2254540445486518
-40.0000_-65.7500,0.25971441969519343
-40.0000_-66.0000,0.2353202813599062
-40.0000_-66.2500,0.19604712778429073
-40.0000_-66.5000,0.22367373974208676
-40.0000_-66.7500,0.18802708089097303
-40.0000_-67.0000,0.17482075029308322
-40.0000_-67.2500,0.16991336459554515
-40.0000_-67.5000,0.1748457209847597
-40.0000_-67.7500,0.19728616647127784
-40.0000_-68.0000,0.19912895662368113
-40.2500_-62.5000,0.3096532239155921
-40.2500_-62.7500,0.30516037514654165
-40.2500_-63.0000,0.33423821805392734
-40.2500_-63.2500,0.3274093786635404
-40.2500_-63.5000,0.31716483001172335
-40.2500_-63.7500,0.3032269636576788
-40.2500_-64.0000,0.26528710433763186
-40.2500_-64.2500,0.3158953106682298
-40.2500_-64.5000,0.31475017584994136
-40.2500_-64.7500,0.2520488862837046
-40.2500_-65.0000,0.2791358733880422
-40.2500_-65.2500,0.29141125439624854
-40.2500_-65.5000,0.2556044548651817
-40.2500_-65.7500,0.2280219226260258
-40.2500_-66.0000,0.20062977725674092
-40.2500_-66.2500,0.1851828839390387
-40.2500_-66.5000,0.19089390386869873
-40.2500_-66.7500,0.2073519343493552
-40.2500_-67.0000,0.18531547479484173
-40.2500_-67.2500,0.16853106682297772
-40.2500_-67.5000,0.16164912075029308
-40.2500_-67.7500,0.1782913247362251
-40.2500_-68.0000,0.16218511137162953
-40.5000_-62.5000,0.34215674091441967
-40.5000_-62.7500,0.32865779601406797
-40.5000_-63.0000,0.31463376318874564
-40.5000_-63.2500,0.289314654161782
-40.5000_-63.5000,0.3192126611957796
-40.5000_-63.7500,0.3318406799531067
-40.5000_-64.0000,0.29400175849941385
-40.5000_-64.2500,0.23936658851113715
-40.5000_-64.5000,0.2507881594372802
-40.5000_-64.7500,0.2953913247362251
-40.5000_-65.0000,0.2610817116060961
-40.5000_-65.2500,0.26975779601406796
-40.5000_-65.5000,0.2603966002344666
-40.5000_-65.7500,0.24491277842907383
-40.5000_-66.0000,0.16760961313012895
-40.5000_-66.2500,0.16866377491207504
-40.5000_-66.5000,0.18654443141852287
-40.5000_-66.7500,0.16449097303634233
-40.5000_-67.0000,0.18571008206330597
-40.5000_-67.2500,0.15881359906213363
-40.5000_-67.5000,0.17980410316529893
-40.5000_-67.7500,0.17375896834701055
-40.5000_-68.0000,0.17072919109026966
-40.7500_-62.5000,0.31039613130128957
-40.7500_-62.7500,0.3153049237983587
-40.7500_-63.0000,0.31042661195779603
-40.7500_-63.2500,0.47378651817116063
-40.7500_-63.5000,0.4206207502930832
-40.7500_-63.7500,0.30689624853458386
-40.7500_-64.0000,0.27718112543962486
-40.7500_-64.2500,0.27334419695193435
-40.7500_-64.5000,0.2903364595545135
-40.7500_-64.7500,0.2779075029308324
-40.7500_-65.2500,0.24566951934349354
-40.7500_-65.5000,0.19394185228604924
-40.7500_-65.7500,0.18256846424384524
-40.7500_-66.0000,0.18311524032825324
-40.7500_-66.2500,0.18461840562719814
-40.7500_-66.5000,0.18088171160609615
-40.7500_-66.7500,0.19236506447831184
-40.7500_-67.0000,0.19802332942555687
-40.7500_-67.2500,0.19298429073856976
-40.7500_-67.5000,0.19124021101992966
-40.7500_-67.7500,0.18201395076201643
-40.7500_-68.0000,0.15602063305978897
-41.0000_-62.7500,0.29035509964830014
-41.0000_-63.0000,0.34340937866354043
-41.0000_-63.2500,0.26411570926143024
-41.0000_-63.5000,0.2947858147713951
-41.0000_-63.7500,0.16518851113716296
-41.0000_-64.0000,0.18882567409144196
-41.0000_-65.2500,0.24802508792497072
-41.0000_-65.5000,0.21022567409144197
-41.0000_-65.7500,0.19961277842907385
-41.0000_-66.0000,0.17211887456037514
-41.0000_-66.2500,0.183168347010551
-41.0000_-66.5000,0.19742602579132476
-41.0000_-66.7500,0.20368780773739742
-41.0000_-67.0000,0.1881778429073857
-41.0000_-67.2500,0.20243892145369283
-41.0000_-67.5000,0.1912751465416178
-41.0000_-67.7500,0.18435322391559203
-41.0000_-68.0000,0.16507924970691676
-41.2500_-65.2500,0.22649859320046895
-41.2500_-65.5000,0.1991440797186401
-41.2500_-65.7500,0.19233259085580304
-41.2500_-66.0000,0.17464912075029307
-41.2500_-66.2500,0.18648089097303633
-41.2500_-66.5000,0.20699519343493553
-41.2500_-66.7500,0.20153610785463072
-41.2500_-67.0000,0.19525990621336461
-41.2500_-67.2500,0.1806504103165299
-41.2500_-67.5000,0.17111125439624852
-41.2500_-67.7500,0.19552966002344666
-41.2500_-68.0000,0.22249167643610787
-41.5000_-65.2500,0.18963810082063307
-41.5000_-65.5000,0.18877116060961316
-41.5000_-65.7500,0.17248452520515828
-41.5000_-66.0000,0.1721082063305979
-41.5000_-66.2500,0.19887913247362252
-41.5000_-66.5000,0.19779988276670574
-41.5000_-66.7500,0.21643130128956625
-41.5000_-67.0000,0.19307397420867528
-41.5000_-67.2500,0.18315861664712776
-41.5000_-67.5000,0.19142368112543964
-41.5000_-67.7500,0.19711301289566235
-41.5000_-68.0000,0.18332555685814772
-41.7500_-65.2500,0.22101805392731536
-41.7500_-65.5000,0.20288417350527552
-41.7500_-65.7500,0.18937514654161783
-41.7500_-66.0000,0.17792051582649474
-41.7500_-66.2500,0.189557796014068
-41.7500_-66.5000,0.21250152403282532
-41.7500_-66.7500,0.24214607268464244
-41.7500_-67.0000,0.22716107854630713
-41.7500_-67.2500,0.23883329425556857
-41.7500_-67.5000,0.18536354044548653
-41.7500_-67.7500,0.1654506447831184
-41.7500_-68.0000,0.1792603751465416
-42.0000_-65.2500,0.19334103165298946
-42.0000_-65.5000,0.18944853458382183
-42.0000_-65.7500,0.19552520515826496
-42.0000_-66.0000,0.1961681125439625
-42.0000_-66.2500,0.17121500586166472
-42.0000_-66.5000,0.1942132473622509
-42.0000_-66.7500,0.18305052754982415
-42.0000_-67.0000,0.17181230949589685
-42.0000_-67.2500,0.19887889800703398
-42.0000_-67.5000,0.21948722157092615
-42.0000_-67.7500,0.16860152403282533
-42.0000_-68.0000,0.17112133645955452
